ProductionKey,DateKey,ProductKey,QuantityProduced,QuantityScrapped,RunHours
1,20250102,1,113,2,7.44
2,20250102,2,78,1,7.69
3,20250102,3,97,3,7.57
4,20250102,4,86,2,7.32
5,20250103,1,116,3,7.28
6,20250103,2,90,1,7.67
7,20250103,3,100,1,7.6
8,20250103,4,100,3,7.47
9,20250106,1,118,3,7.42
10,20250106,2,92,1,7.3
11,20250106,3,96,3,7.61
12,20250106,4,93,2,7.31
13,20250107,1,117,2,7.62
14,20250107,2,77,1,7.66
15,20250107,3,91,3,7.44
16,20250107,4,99,2,7.71
17,20250108,1,125,2,7.37
18,20250108,2,85,1,7.71
19,20250108,3,100,1,7.5
20,20250108,4,97,2,7.66
21,20250109,1,110,2,7.67
22,20250109,2,88,1,7.52
23,20250109,3,100,2,7.64
24,20250109,4,95,2,7.37
25,20250110,1,126,2,7.58
26,20250110,2,87,1,7.39
27,20250110,3,99,2,7.58
28,20250110,4,89,2,7.32
29,20250113,1,125,3,7.65
30,20250113,2,86,1,7.51
31,20250113,3,98,1,7.28
32,20250113,4,92,1,7.74
33,20250114,1,110,3,7.59
34,20250114,2,85,1,7.7
35,20250114,3,97,2,7.64
36,20250114,4,95,2,7.37
37,20250115,1,120,2,7.43
38,20250115,2,79,1,7.73
39,20250115,3,105,1,7.34
40,20250115,4,101,1,7.65
41,20250116,1,122,2,7.34
42,20250116,2,88,1,7.47
43,20250116,3,93,2,7.28
44,20250116,4,101,2,7.37
45,20250117,1,119,3,7.63
46,20250117,2,78,1,7.32
47,20250117,3,94,2,7.36
48,20250117,4,97,2,7.43
49,20250120,1,119,2,7.66
50,20250120,2,91,1,7.54
51,20250120,3,95,2,7.74
52,20250120,4,98,1,7.65
53,20250121,1,124,1,7.49
54,20250121,2,78,1,7.27
55,20250121,3,104,2,7.42
56,20250121,4,89,2,7.65
57,20250122,1,125,1,7.31
58,20250122,2,79,1,7.7
59,20250122,3,95,2,7.55
60,20250122,4,98,2,7.31
61,20250123,1,126,2,7.61
62,20250123,2,79,2,7.54
63,20250123,3,100,2,7.59
64,20250123,4,96,1,7.54
65,20250124,1,115,3,7.43
66,20250124,2,84,1,7.42
67,20250124,3,100,1,7.73
68,20250124,4,90,2,7.56
69,20250127,1,124,3,7.25
70,20250127,2,88,1,7.31
71,20250127,3,94,2,7.67
72,20250127,4,88,2,7.31
73,20250128,1,120,1,7.3
74,20250128,2,90,1,7.28
75,20250128,3,91,2,7.57
76,20250128,4,98,2,7.48
77,20250129,1,115,1,7.56
78,20250129,2,90,1,7.31
79,20250129,3,98,1,7.53
80,20250129,4,92,3,7.51
81,20250130,1,115,1,7.34
82,20250130,2,82,1,7.42
83,20250130,3,98,2,7.4
84,20250130,4,95,2,7.65
85,20250131,1,113,3,7.57
86,20250131,2,79,1,7.53
87,20250131,3,105,3,7.6
88,20250131,4,87,2,7.4
89,20250203,1,116,2,7.74
90,20250203,2,85,1,7.33
91,20250203,3,105,1,7.6
92,20250203,4,100,2,7.55
93,20250204,1,105,7,7.62
94,20250204,2,85,5,7.46
95,20250204,3,87,6,7.6
96,20250204,4,89,5,7.32
97,20250205,1,127,1,7.45
98,20250205,2,90,1,7.73
99,20250205,3,91,1,7.75
100,20250205,4,91,2,7.65
101,20250206,1,123,2,7.28
102,20250206,2,92,1,7.4
103,20250206,3,94,2,7.5
104,20250206,4,86,2,7.25
105,20250207,1,110,3,7.69
106,20250207,2,77,1,7.62
107,20250207,3,91,2,7.27
108,20250207,4,98,1,7.38
109,20250210,1,111,3,7.74
110,20250210,2,90,1,7.53
111,20250210,3,99,1,7.49
112,20250210,4,92,1,7.36
113,20250211,1,112,3,7.27
114,20250211,2,80,1,7.5
115,20250211,3,105,2,7.7
116,20250211,4,99,2,7.43
117,20250212,1,115,3,7.3
118,20250212,2,75,2,7.73
119,20250212,3,97,2,7.39
120,20250212,4,92,1,7.53
121,20250213,1,112,2,7.59
122,20250213,2,85,1,7.46
123,20250213,3,101,1,7.28
124,20250213,4,92,2,7.72
125,20250214,1,114,1,7.61
126,20250214,2,76,1,7.46
127,20250214,3,102,1,7.43
128,20250214,4,94,2,7.67
129,20250217,1,119,3,7.57
130,20250217,2,81,2,7.52
131,20250217,3,107,1,7.36
132,20250217,4,97,2,7.74
133,20250218,1,123,3,7.75
134,20250218,2,84,1,7.33
135,20250218,3,97,1,7.57
136,20250218,4,93,2,7.42
137,20250219,1,116,7,7.69
138,20250219,2,81,5,7.56
139,20250219,3,99,5,7.66
140,20250219,4,88,6,7.36
141,20250220,1,110,3,7.74
142,20250220,2,85,1,7.63
143,20250220,3,92,2,7.68
144,20250220,4,93,2,7.53
145,20250221,1,123,2,7.41
146,20250221,2,83,1,7.35
147,20250221,3,103,2,7.44
148,20250221,4,93,2,7.43
149,20250224,1,123,2,7.62
150,20250224,2,83,1,7.48
151,20250224,3,102,1,7.27
152,20250224,4,96,3,7.56
153,20250225,1,123,2,7.73
154,20250225,2,86,1,7.54
155,20250225,3,100,2,7.42
156,20250225,4,93,1,7.42
157,20250226,1,117,3,7.33
158,20250226,2,76,1,7.64
159,20250226,3,94,1,7.73
160,20250226,4,90,1,7.64
161,20250227,1,114,3,7.74
162,20250227,2,88,1,7.37
163,20250227,3,107,1,7.52
164,20250227,4,97,2,7.5
165,20250228,1,111,2,7.28
166,20250228,2,86,1,7.38
167,20250228,3,93,2,7.57
168,20250228,4,102,1,7.42
169,20250303,1,111,2,7.71
170,20250303,2,88,1,7.73
171,20250303,3,101,1,7.32
172,20250303,4,87,3,7.67
173,20250304,1,113,1,7.72
174,20250304,2,79,1,7.73
175,20250304,3,99,1,7.41
176,20250304,4,91,2,7.73
177,20250305,1,118,2,7.43
178,20250305,2,85,1,7.65
179,20250305,3,95,2,7.61
180,20250305,4,99,2,7.54
181,20250306,1,116,2,7.5
182,20250306,2,86,1,7.47
183,20250306,3,96,1,7.28
184,20250306,4,91,2,7.4
185,20250307,1,121,3,7.57
186,20250307,2,86,1,7.45
187,20250307,3,92,2,7.42
188,20250307,4,95,1,7.43
189,20250310,1,125,2,7.31
190,20250310,2,84,1,7.55
191,20250310,3,100,2,7.35
192,20250310,4,89,2,7.53
193,20250311,1,117,3,7.44
194,20250311,2,87,1,7.55
195,20250311,3,96,1,7.65
196,20250311,4,90,2,7.61
197,20250312,1,118,3,7.47
198,20250312,2,83,1,7.61
199,20250312,3,105,2,7.6
200,20250312,4,85,2,7.26
201,20250313,1,108,7,7.64
202,20250313,2,79,4,7.34
203,20250313,3,104,4,7.29
204,20250313,4,95,4,7.51
205,20250314,1,110,3,7.25
206,20250314,2,76,1,7.66
207,20250314,3,98,1,7.67
208,20250314,4,100,2,7.27
209,20250317,1,120,2,7.66
210,20250317,2,78,1,7.59
211,20250317,3,105,1,7.57
212,20250317,4,86,2,7.39
213,20250318,1,115,2,7.63
214,20250318,2,89,1,7.54
215,20250318,3,89,3,7.74
216,20250318,4,87,3,7.75
217,20250319,1,109,3,7.49
218,20250319,2,90,1,7.71
219,20250319,3,105,2,7.32
220,20250319,4,100,3,7.3
221,20250320,1,121,3,7.61
222,20250320,2,79,1,7.34
223,20250320,3,96,1,7.52
224,20250320,4,93,2,7.73
225,20250321,1,109,3,7.41
226,20250321,2,90,1,7.37
227,20250321,3,106,1,7.62
228,20250321,4,95,2,7.51
229,20250324,1,112,2,7.56
230,20250324,2,82,1,7.45
231,20250324,3,95,2,7.49
232,20250324,4,97,2,7.67
233,20250325,1,111,3,7.34
234,20250325,2,80,1,7.46
235,20250325,3,104,1,7.38
236,20250325,4,86,2,7.33
237,20250326,1,121,2,7.3
238,20250326,2,81,1,7.4
239,20250326,3,104,2,7.71
240,20250326,4,100,2,7.7
241,20250327,1,116,2,7.58
242,20250327,2,84,1,7.43
243,20250327,3,106,2,7.49
244,20250327,4,99,2,7.26
245,20250328,1,120,3,7.38
246,20250328,2,79,1,7.31
247,20250328,3,90,3,7.74
248,20250328,4,94,2,7.68
249,20250331,1,121,3,7.26
250,20250331,2,91,1,7.54
251,20250331,3,100,1,7.25
252,20250331,4,99,2,7.7
253,20250401,1,121,3,7.58
254,20250401,2,80,2,7.32
255,20250401,3,105,2,7.7
256,20250401,4,89,2,7.7
257,20250402,1,119,2,7.52
258,20250402,2,92,1,7.4
259,20250402,3,94,1,7.56
260,20250402,4,96,2,7.33
261,20250403,1,125,2,7.69
262,20250403,2,92,1,7.32
263,20250403,3,94,1,7.67
264,20250403,4,96,1,7.35
265,20250404,1,123,2,7.61
266,20250404,2,89,1,7.55
267,20250404,3,92,1,7.44
268,20250404,4,85,3,7.74
269,20250407,1,112,3,7.65
270,20250407,2,90,1,7.64
271,20250407,3,95,1,7.61
272,20250407,4,98,2,7.58
273,20250408,1,119,1,7.56
274,20250408,2,89,1,7.57
275,20250408,3,99,1,7.5
276,20250408,4,94,2,7.38
277,20250409,1,115,3,7.52
278,20250409,2,83,1,7.66
279,20250409,3,98,1,7.44
280,20250409,4,91,2,7.3
281,20250410,1,110,2,7.55
282,20250410,2,85,1,7.62
283,20250410,3,90,2,7.29
284,20250410,4,97,2,7.6
285,20250411,1,114,2,7.31
286,20250411,2,86,1,7.46
287,20250411,3,91,1,7.72
288,20250411,4,86,1,7.69
289,20250414,1,115,1,7.32
290,20250414,2,89,1,7.61
291,20250414,3,98,1,7.44
292,20250414,4,100,3,7.74
293,20250415,1,114,2,7.75
294,20250415,2,90,2,7.59
295,20250415,3,103,1,7.35
296,20250415,4,100,2,7.43
297,20250416,1,127,1,7.51
298,20250416,2,82,1,7.35
299,20250416,3,98,2,7.35
300,20250416,4,99,2,7.6
301,20250417,1,118,8,7.3
302,20250417,2,84,4,7.68
303,20250417,3,100,5,7.7
304,20250417,4,92,5,7.4
305,20250418,1,111,1,7.68
306,20250418,2,76,1,7.57
307,20250418,3,103,1,7.28
308,20250418,4,99,2,7.49
309,20250421,1,120,2,7.71
310,20250421,2,83,1,7.34
311,20250421,3,90,2,7.58
312,20250421,4,96,2,7.72
313,20250422,1,114,3,7.36
314,20250422,2,91,1,7.28
315,20250422,3,96,2,7.52
316,20250422,4,93,2,7.34
317,20250423,1,125,2,7.66
318,20250423,2,78,1,7.37
319,20250423,3,93,1,7.66
320,20250423,4,101,2,7.72
321,20250424,1,124,3,7.68
322,20250424,2,81,1,7.64
323,20250424,3,94,1,7.38
324,20250424,4,92,1,7.33
325,20250425,1,110,2,7.31
326,20250425,2,87,1,7.46
327,20250425,3,105,2,7.56
328,20250425,4,94,2,7.46
329,20250428,1,115,1,7.55
330,20250428,2,92,1,7.54
331,20250428,3,93,1,7.61
332,20250428,4,87,2,7.74
333,20250429,1,116,3,7.25
334,20250429,2,92,1,7.38
335,20250429,3,106,1,7.3
336,20250429,4,93,3,7.63
337,20250430,1,124,3,7.64
338,20250430,2,83,1,7.28
339,20250430,3,100,2,7.67
340,20250430,4,100,2,7.43
341,20250501,1,116,1,7.32
342,20250501,2,80,1,7.27
343,20250501,3,101,1,7.3
344,20250501,4,91,2,7.4
345,20250502,1,112,3,7.62
346,20250502,2,76,1,7.59
347,20250502,3,93,1,7.35
348,20250502,4,95,1,7.28
349,20250505,1,118,2,7.26
350,20250505,2,82,1,7.61
351,20250505,3,101,2,7.6
352,20250505,4,99,2,7.32
353,20250506,1,115,1,7.63
354,20250506,2,92,1,7.48
355,20250506,3,98,2,7.58
356,20250506,4,96,2,7.43
357,20250507,1,120,2,7.28
358,20250507,2,88,1,7.39
359,20250507,3,100,1,7.67
360,20250507,4,88,2,7.32
361,20250508,1,107,6,7.55
362,20250508,2,73,5,7.28
363,20250508,3,101,5,7.72
364,20250508,4,97,6,7.3
365,20250509,1,124,3,7.41
366,20250509,2,88,2,7.47
367,20250509,3,93,2,7.41
368,20250509,4,98,1,7.26
369,20250512,1,112,2,7.46
370,20250512,2,78,1,7.65
371,20250512,3,95,1,7.31
372,20250512,4,97,2,7.54
373,20250513,1,117,3,7.31
374,20250513,2,80,1,7.45
375,20250513,3,101,1,7.44
376,20250513,4,97,1,7.75
377,20250514,1,119,3,7.64
378,20250514,2,80,1,7.61
379,20250514,3,95,2,7.3
380,20250514,4,86,2,7.34
381,20250515,1,118,2,7.48
382,20250515,2,82,1,7.3
383,20250515,3,95,2,7.59
384,20250515,4,92,2,7.61
385,20250516,1,113,1,7.69
386,20250516,2,80,1,7.3
387,20250516,3,91,2,7.45
388,20250516,4,86,2,7.65
389,20250519,1,116,2,7.68
390,20250519,2,84,1,7.4
391,20250519,3,101,1,7.73
392,20250519,4,97,1,7.68
393,20250520,1,125,2,7.28
394,20250520,2,76,1,7.66
395,20250520,3,103,2,7.42
396,20250520,4,100,2,7.27
397,20250521,1,120,3,7.33
398,20250521,2,76,1,7.27
399,20250521,3,96,2,7.49
400,20250521,4,91,2,7.54
401,20250522,1,121,2,7.34
402,20250522,2,77,1,7.54
403,20250522,3,101,1,7.35
404,20250522,4,96,1,7.72
405,20250523,1,115,2,7.45
406,20250523,2,77,1,7.48
407,20250523,3,104,1,7.63
408,20250523,4,86,1,7.47
409,20250527,1,112,1,7.54
410,20250527,2,87,1,7.68
411,20250527,3,91,2,7.44
412,20250527,4,92,1,7.61
413,20250528,1,109,3,7.71
414,20250528,2,83,2,7.49
415,20250528,3,95,2,7.43
416,20250528,4,85,2,7.35
417,20250529,1,112,3,7.55
418,20250529,2,89,1,7.65
419,20250529,3,100,2,7.46
420,20250529,4,101,2,7.39
421,20250530,1,112,3,7.27
422,20250530,2,82,1,7.49
423,20250530,3,103,1,7.71
424,20250530,4,99,1,7.69
425,20250602,1,121,2,7.53
426,20250602,2,84,1,7.37
427,20250602,3,99,2,7.61
428,20250602,4,96,1,7.67
429,20250603,1,110,3,7.39
430,20250603,2,82,1,7.29
431,20250603,3,97,2,7.28
432,20250603,4,90,3,7.38
433,20250604,1,113,3,7.63
434,20250604,2,91,1,7.5
435,20250604,3,104,2,7.29
436,20250604,4,96,2,7.52
437,20250605,1,112,3,7.25
438,20250605,2,84,1,7.28
439,20250605,3,96,2,7.72
440,20250605,4,99,3,7.36
441,20250606,1,124,2,7.49
442,20250606,2,78,1,7.66
443,20250606,3,92,2,7.41
444,20250606,4,99,2,7.57
445,20250609,1,120,3,7.28
446,20250609,2,78,2,7.52
447,20250609,3,95,2,7.51
448,20250609,4,93,2,7.29
449,20250610,1,105,8,7.59
450,20250610,2,76,3,7.36
451,20250610,3,91,7,7.32
452,20250610,4,86,5,7.67
453,20250611,1,115,3,7.47
454,20250611,2,92,1,7.39
455,20250611,3,102,2,7.51
456,20250611,4,94,1,7.26
457,20250612,1,127,1,7.42
458,20250612,2,82,1,7.45
459,20250612,3,94,1,7.25
460,20250612,4,89,3,7.74
461,20250613,1,111,3,7.61
462,20250613,2,80,1,7.66
463,20250613,3,101,1,7.48
464,20250613,4,95,2,7.71
465,20250616,1,120,2,7.62
466,20250616,2,79,1,7.64
467,20250616,3,106,1,7.75
468,20250616,4,87,3,7.48
469,20250617,1,126,1,7.69
470,20250617,2,89,1,7.47
471,20250617,3,105,2,7.52
472,20250617,4,89,2,7.55
473,20250618,1,122,3,7.73
474,20250618,2,89,1,7.32
475,20250618,3,94,1,7.37
476,20250618,4,100,2,7.33
477,20250619,1,127,1,7.58
478,20250619,2,83,1,7.42
479,20250619,3,93,1,7.57
480,20250619,4,87,3,7.49
481,20250620,1,112,1,7.64
482,20250620,2,89,1,7.53
483,20250620,3,106,1,7.42
484,20250620,4,90,3,7.33
485,20250623,1,121,2,7.3
486,20250623,2,87,1,7.74
487,20250623,3,95,2,7.53
488,20250623,4,100,2,7.72
489,20250624,1,121,1,7.62
490,20250624,2,89,1,7.57
491,20250624,3,102,2,7.75
492,20250624,4,90,2,7.74
493,20250625,1,120,3,7.5
494,20250625,2,81,1,7.49
495,20250625,3,97,1,7.64
496,20250625,4,88,1,7.38
497,20250626,1,122,1,7.6
498,20250626,2,86,1,7.46
499,20250626,3,103,1,7.4
500,20250626,4,94,1,7.67
501,20250627,1,112,1,7.34
502,20250627,2,86,1,7.62
503,20250627,3,96,1,7.7
504,20250627,4,92,2,7.45
505,20250630,1,121,3,7.43
506,20250630,2,87,1,7.55
507,20250630,3,104,1,7.69
508,20250630,4,101,2,7.47
509,20250701,1,121,2,7.29
510,20250701,2,85,1,7.49
511,20250701,3,105,2,7.49
512,20250701,4,96,2,7.27
513,20250702,1,125,3,7.45
514,20250702,2,89,1,7.5
515,20250702,3,106,1,7.51
516,20250702,4,90,2,7.56
517,20250703,1,109,3,7.43
518,20250703,2,85,1,7.37
519,20250703,3,103,2,7.29
520,20250703,4,87,2,7.57
521,20250707,1,125,2,7.46
522,20250707,2,86,1,7.54
523,20250707,3,106,1,7.57
524,20250707,4,87,2,7.28
525,20250708,1,114,3,7.63
526,20250708,2,90,1,7.74
527,20250708,3,98,1,7.73
528,20250708,4,90,1,7.3
529,20250709,1,111,3,7.49
530,20250709,2,87,1,7.26
531,20250709,3,90,2,7.28
532,20250709,4,89,2,7.59
533,20250710,1,126,2,7.69
534,20250710,2,82,1,7.44
535,20250710,3,101,3,7.58
536,20250710,4,92,2,7.29
537,20250711,1,113,2,7.65
538,20250711,2,82,2,7.43
539,20250711,3,107,1,7.41
540,20250711,4,90,2,7.49
541,20250714,1,124,3,7.66
542,20250714,2,88,1,7.54
543,20250714,3,98,1,7.39
544,20250714,4,99,1,7.63
545,20250715,1,118,2,7.31
546,20250715,2,90,1,7.69
547,20250715,3,99,2,7.48
548,20250715,4,100,2,7.58
549,20250716,1,114,2,7.31
550,20250716,2,79,1,7.7
551,20250716,3,98,1,7.3
552,20250716,4,91,3,7.51
553,20250717,1,116,2,7.28
554,20250717,2,83,1,7.31
555,20250717,3,90,2,7.71
556,20250717,4,100,2,7.49
557,20250718,1,114,2,7.47
558,20250718,2,86,1,7.46
559,20250718,3,101,1,7.37
560,20250718,4,90,2,7.42
561,20250721,1,116,1,7.56
562,20250721,2,90,1,7.37
563,20250721,3,97,2,7.69
564,20250721,4,88,2,7.56
565,20250722,1,113,3,7.69
566,20250722,2,88,1,7.31
567,20250722,3,94,2,7.65
568,20250722,4,86,3,7.48
569,20250723,1,116,3,7.54
570,20250723,2,77,2,7.5
571,20250723,3,106,2,7.47
572,20250723,4,86,2,7.64
573,20250724,1,110,3,7.65
574,20250724,2,77,1,7.65
575,20250724,3,95,2,7.5
576,20250724,4,94,2,7.36
577,20250725,1,109,3,7.63
578,20250725,2,89,1,7.57
579,20250725,3,101,1,7.56
580,20250725,4,97,1,7.6
581,20250728,1,110,3,7.73
582,20250728,2,88,2,7.51
583,20250728,3,95,2,7.29
584,20250728,4,97,2,7.72
585,20250729,1,118,2,7.68
586,20250729,2,85,1,7.32
587,20250729,3,97,2,7.48
588,20250729,4,100,2,7.37
589,20250730,1,122,1,7.27
590,20250730,2,85,1,7.32
591,20250730,3,93,2,7.6
592,20250730,4,100,1,7.43
593,20250731,1,109,3,7.69
594,20250731,2,91,1,7.36
595,20250731,3,96,2,7.65
596,20250731,4,89,2,7.67
597,20250801,1,119,2,7.44
598,20250801,2,87,1,7.27
599,20250801,3,103,3,7.66
600,20250801,4,95,2,7.63
601,20250804,1,122,2,7.63
602,20250804,2,80,1,7.37
603,20250804,3,101,1,7.46
604,20250804,4,86,2,7.33
605,20250805,1,124,3,7.52
606,20250805,2,87,1,7.36
607,20250805,3,93,2,7.75
608,20250805,4,85,2,7.34
609,20250806,1,116,3,7.69
610,20250806,2,90,1,7.41
611,20250806,3,100,1,7.73
612,20250806,4,87,2,7.54
613,20250807,1,118,2,7.71
614,20250807,2,82,1,7.27
615,20250807,3,93,2,7.7
616,20250807,4,100,3,7.72
617,20250808,1,116,2,7.62
618,20250808,2,90,1,7.47
619,20250808,3,92,1,7.74
620,20250808,4,93,1,7.49
621,20250811,1,124,3,7.7
622,20250811,2,87,1,7.55
623,20250811,3,104,2,7.32
624,20250811,4,85,2,7.62
625,20250812,1,117,2,7.38
626,20250812,2,82,1,7.46
627,20250812,3,105,1,7.43
628,20250812,4,96,1,7.44
629,20250813,1,123,2,7.48
630,20250813,2,84,1,7.26
631,20250813,3,95,1,7.65
632,20250813,4,98,3,7.38
633,20250814,1,106,7,7.27
634,20250814,2,85,5,7.29
635,20250814,3,93,5,7.31
636,20250814,4,86,7,7.67
637,20250815,1,115,2,7.3
638,20250815,2,87,1,7.66
639,20250815,3,93,2,7.43
640,20250815,4,102,1,7.61
641,20250818,1,126,1,7.56
642,20250818,2,85,1,7.67
643,20250818,3,98,2,7.67
644,20250818,4,96,1,7.31
645,20250819,1,114,2,7.26
646,20250819,2,80,1,7.38
647,20250819,3,101,2,7.71
648,20250819,4,98,2,7.27
649,20250820,1,127,1,7.71
650,20250820,2,86,1,7.26
651,20250820,3,99,1,7.71
652,20250820,4,96,2,7.6
653,20250821,1,118,2,7.28
654,20250821,2,87,1,7.27
655,20250821,3,92,2,7.31
656,20250821,4,91,3,7.63
657,20250822,1,118,2,7.62
658,20250822,2,83,1,7.43
659,20250822,3,91,1,7.26
660,20250822,4,85,2,7.54
661,20250825,1,124,2,7.53
662,20250825,2,76,1,7.31
663,20250825,3,104,1,7.48
664,20250825,4,95,2,7.48
665,20250826,1,116,3,7.26
666,20250826,2,92,1,7.45
667,20250826,3,101,1,7.75
668,20250826,4,86,2,7.59
669,20250827,1,124,1,7.69
670,20250827,2,89,1,7.66
671,20250827,3,103,2,7.25
672,20250827,4,93,2,7.26
673,20250828,1,121,1,7.75
674,20250828,2,82,1,7.3
675,20250828,3,97,1,7.35
676,20250828,4,98,2,7.7
677,20250829,1,119,2,7.35
678,20250829,2,76,1,7.44
679,20250829,3,104,1,7.41
680,20250829,4,96,2,7.5
681,20250902,1,112,2,7.32
682,20250902,2,87,2,7.59
683,20250902,3,103,1,7.57
684,20250902,4,98,2,7.28
685,20250903,1,111,3,7.73
686,20250903,2,89,1,7.52
687,20250903,3,102,1,7.46
688,20250903,4,100,1,7.66
689,20250904,1,116,2,7.51
690,20250904,2,77,1,7.74
691,20250904,3,96,2,7.59
692,20250904,4,94,2,7.45
693,20250905,1,126,1,7.35
694,20250905,2,76,1,7.33
695,20250905,3,104,2,7.28
696,20250905,4,101,1,7.26
697,20250908,1,118,3,7.48
698,20250908,2,78,1,7.61
699,20250908,3,92,2,7.67
700,20250908,4,88,1,7.38
701,20250909,1,114,1,7.57
702,20250909,2,91,1,7.5
703,20250909,3,91,1,7.4
704,20250909,4,97,2,7.58
705,20250910,1,111,2,7.49
706,20250910,2,85,1,7.71
707,20250910,3,102,1,7.46
708,20250910,4,96,2,7.65
709,20250911,1,119,3,7.46
710,20250911,2,86,1,7.39
711,20250911,3,91,2,7.57
712,20250911,4,100,3,7.27
713,20250912,1,121,3,7.4
714,20250912,2,83,1,7.65
715,20250912,3,101,2,7.46
716,20250912,4,97,1,7.35
717,20250915,1,117,2,7.32
718,20250915,2,92,1,7.32
719,20250915,3,92,1,7.72
720,20250915,4,98,2,7.34
721,20250916,1,112,2,7.61
722,20250916,2,89,2,7.52
723,20250916,3,100,2,7.29
724,20250916,4,90,2,7.73
725,20250917,1,125,3,7.38
726,20250917,2,76,1,7.52
727,20250917,3,104,1,7.27
728,20250917,4,101,2,7.68
729,20250918,1,122,2,7.64
730,20250918,2,80,1,7.29
731,20250918,3,95,1,7.31
732,20250918,4,101,2,7.65
733,20250919,1,114,3,7.68
734,20250919,2,90,1,7.57
735,20250919,3,92,1,7.3
736,20250919,4,100,2,7.59
737,20250922,1,122,3,7.67
738,20250922,2,88,1,7.65
739,20250922,3,94,2,7.64
740,20250922,4,90,2,7.63
741,20250923,1,112,3,7.33
742,20250923,2,92,1,7.52
743,20250923,3,94,2,7.43
744,20250923,4,88,2,7.35
745,20250924,1,116,3,7.71
746,20250924,2,78,1,7.26
747,20250924,3,105,1,7.38
748,20250924,4,93,2,7.35
749,20250925,1,124,2,7.64
750,20250925,2,92,1,7.52
751,20250925,3,101,1,7.49
752,20250925,4,88,2,7.4
753,20250926,1,118,3,7.56
754,20250926,2,83,1,7.25
755,20250926,3,106,1,7.42
756,20250926,4,99,3,7.62
757,20250929,1,116,2,7.42
758,20250929,2,84,1,7.67
759,20250929,3,93,1,7.32
760,20250929,4,89,2,7.43
761,20250930,1,114,1,7.45
762,20250930,2,84,1,7.74
763,20250930,3,95,1,7.57
764,20250930,4,87,2,7.68
765,20251001,1,112,3,7.31
766,20251001,2,92,1,7.35
767,20251001,3,95,2,7.61
768,20251001,4,90,2,7.52
769,20251002,1,114,3,7.26
770,20251002,2,84,1,7.29
771,20251002,3,92,1,7.63
772,20251002,4,90,3,7.37
773,20251003,1,119,3,7.27
774,20251003,2,91,1,7.5
775,20251003,3,96,2,7.25
776,20251003,4,96,1,7.5
777,20251006,1,125,2,7.4
778,20251006,2,90,1,7.37
779,20251006,3,100,1,7.47
780,20251006,4,95,2,7.49
781,20251007,1,110,3,7.53
782,20251007,2,76,1,7.73
783,20251007,3,105,1,7.72
784,20251007,4,87,2,7.51
785,20251008,1,118,3,7.5
786,20251008,2,92,1,7.46
787,20251008,3,102,2,7.51
788,20251008,4,91,1,7.59
789,20251009,1,120,2,7.52
790,20251009,2,89,1,7.68
791,20251009,3,96,2,7.73
792,20251009,4,91,1,7.63
793,20251010,1,119,3,7.63
794,20251010,2,89,1,7.73
795,20251010,3,105,3,7.59
796,20251010,4,91,1,7.67
797,20251013,1,125,1,7.49
798,20251013,2,89,1,7.62
799,20251013,3,98,2,7.71
800,20251013,4,93,2,7.67
801,20251014,1,122,2,7.58
802,20251014,2,76,1,7.59
803,20251014,3,90,2,7.53
804,20251014,4,96,2,7.5
805,20251015,1,119,2,7.43
806,20251015,2,88,1,7.55
807,20251015,3,99,3,7.53
808,20251015,4,88,2,7.71
809,20251016,1,124,2,7.29
810,20251016,2,80,1,7.43
811,20251016,3,100,2,7.52
812,20251016,4,95,2,7.47
813,20251017,1,110,3,7.56
814,20251017,2,79,1,7.41
815,20251017,3,92,1,7.61
816,20251017,4,95,2,7.67
817,20251020,1,117,3,7.4
818,20251020,2,81,1,7.56
819,20251020,3,104,2,7.31
820,20251020,4,97,1,7.32
821,20251021,1,110,3,7.73
822,20251021,2,84,1,7.6
823,20251021,3,104,2,7.68
824,20251021,4,101,1,7.69
825,20251022,1,118,3,7.33
826,20251022,2,88,1,7.25
827,20251022,3,96,2,7.64
828,20251022,4,91,2,7.5
829,20251023,1,124,1,7.37
830,20251023,2,78,2,7.64
831,20251023,3,93,2,7.37
832,20251023,4,96,2,7.43
833,20251024,1,122,2,7.54
834,20251024,2,90,1,7.63
835,20251024,3,91,1,7.48
836,20251024,4,87,1,7.34
837,20251027,1,119,3,7.55
838,20251027,2,88,1,7.3
839,20251027,3,90,2,7.48
840,20251027,4,98,2,7.57
841,20251028,1,120,7,7.28
842,20251028,2,79,3,7.66
843,20251028,3,97,7,7.34
844,20251028,4,93,4,7.43
845,20251029,1,113,2,7.32
846,20251029,2,90,1,7.75
847,20251029,3,96,1,7.4
848,20251029,4,92,1,7.43
849,20251030,1,110,3,7.69
850,20251030,2,88,1,7.32
851,20251030,3,102,2,7.42
852,20251030,4,86,2,7.71
853,20251031,1,111,3,7.28
854,20251031,2,80,1,7.57
855,20251031,3,94,2,7.52
856,20251031,4,99,2,7.29
857,20251103,1,112,2,7.31
858,20251103,2,77,1,7.37
859,20251103,3,102,2,7.48
860,20251103,4,98,2,7.4
861,20251104,1,110,3,7.29
862,20251104,2,87,1,7.53
863,20251104,3,103,2,7.41
864,20251104,4,98,3,7.64
865,20251105,1,118,2,7.46
866,20251105,2,84,1,7.29
867,20251105,3,105,2,7.31
868,20251105,4,97,2,7.56
869,20251106,1,115,3,7.69
870,20251106,2,89,1,7.67
871,20251106,3,92,2,7.48
872,20251106,4,98,1,7.49
873,20251107,1,110,2,7.55
874,20251107,2,82,1,7.4
875,20251107,3,98,1,7.53
876,20251107,4,102,1,7.35
877,20251110,1,122,3,7.32
878,20251110,2,85,1,7.62
879,20251110,3,100,1,7.51
880,20251110,4,86,2,7.7
881,20251111,1,117,2,7.58
882,20251111,2,84,1,7.44
883,20251111,3,93,1,7.39
884,20251111,4,86,2,7.29
885,20251112,1,119,3,7.53
886,20251112,2,87,1,7.5
887,20251112,3,91,1,7.63
888,20251112,4,100,3,7.53
889,20251113,1,123,3,7.43
890,20251113,2,84,1,7.4
891,20251113,3,91,2,7.35
892,20251113,4,87,2,7.25
893,20251114,1,122,3,7.73
894,20251114,2,79,1,7.57
895,20251114,3,104,2,7.3
896,20251114,4,98,2,7.35
897,20251117,1,119,3,7.32
898,20251117,2,79,1,7.7
899,20251117,3,93,1,7.66
900,20251117,4,101,2,7.43
901,20251118,1,122,2,7.29
902,20251118,2,92,1,7.74
903,20251118,3,103,1,7.32
904,20251118,4,94,2,7.71
905,20251119,1,113,3,7.53
906,20251119,2,87,1,7.25
907,20251119,3,102,1,7.43
908,20251119,4,96,2,7.44
909,20251120,1,122,2,7.7
910,20251120,2,80,1,7.62
911,20251120,3,101,1,7.46
912,20251120,4,89,2,7.47
913,20251121,1,111,2,7.56
914,20251121,2,81,1,7.66
915,20251121,3,92,1,7.27
916,20251121,4,93,2,7.55
917,20251124,1,113,3,7.36
918,20251124,2,81,1,7.45
919,20251124,3,97,2,7.58
920,20251124,4,100,3,7.74
921,20251125,1,124,3,7.71
922,20251125,2,82,1,7.46
923,20251125,3,102,2,7.59
924,20251125,4,96,2,7.7
925,20251126,1,123,2,7.43
926,20251126,2,83,2,7.64
927,20251126,3,103,1,7.55
928,20251126,4,101,1,7.55
929,20251128,1,119,3,7.71
930,20251128,2,79,1,7.51
931,20251128,3,105,2,7.38
932,20251128,4,91,2,7.47
933,20251201,1,110,2,7.64
934,20251201,2,87,1,7.57
935,20251201,3,102,2,7.43
936,20251201,4,95,2,7.51
937,20251202,1,120,1,7.45
938,20251202,2,76,1,7.58
939,20251202,3,105,2,7.55
940,20251202,4,85,2,7.62
941,20251203,1,122,1,7.68
942,20251203,2,87,1,7.36
943,20251203,3,99,2,7.28
944,20251203,4,88,2,7.74
945,20251204,1,113,2,7.65
946,20251204,2,87,1,7.57
947,20251204,3,100,2,7.59
948,20251204,4,101,2,7.66
949,20251205,1,121,3,7.3
950,20251205,2,92,1,7.51
951,20251205,3,91,2,7.71
952,20251205,4,88,2,7.47
953,20251208,1,122,2,7.66
954,20251208,2,76,1,7.56
955,20251208,3,101,1,7.61
956,20251208,4,100,3,7.43
957,20251209,1,122,5,7.4
958,20251209,2,86,4,7.6
959,20251209,3,88,5,7.34
960,20251209,4,94,4,7.56
961,20251210,1,117,3,7.39
962,20251210,2,90,1,7.67
963,20251210,3,97,2,7.43
964,20251210,4,100,2,7.36
965,20251211,1,116,2,7.33
966,20251211,2,81,1,7.42
967,20251211,3,94,2,7.5
968,20251211,4,93,2,7.62
969,20251212,1,112,3,7.56
970,20251212,2,84,1,7.55
971,20251212,3,100,3,7.38
972,20251212,4,101,1,7.36
973,20251215,1,121,3,7.5
974,20251215,2,82,1,7.42
975,20251215,3,92,2,7.45
976,20251215,4,89,1,7.5
977,20251216,1,115,3,7.39
978,20251216,2,88,1,7.28
979,20251216,3,98,2,7.25
980,20251216,4,98,3,7.37
981,20251217,1,115,1,7.74
982,20251217,2,86,1,7.35
983,20251217,3,92,2,7.42
984,20251217,4,95,2,7.58
985,20251218,1,124,2,7.27
986,20251218,2,88,1,7.42
987,20251218,3,93,1,7.48
988,20251218,4,101,1,7.54
989,20251219,1,113,3,7.57
990,20251219,2,76,1,7.35
991,20251219,3,106,1,7.28
992,20251219,4,100,2,7.71
993,20251222,1,113,2,7.41
994,20251222,2,76,1,7.39
995,20251222,3,90,2,7.29
996,20251222,4,99,2,7.32
997,20251223,1,121,2,7.33
998,20251223,2,87,1,7.36
999,20251223,3,99,2,7.45
1000,20251223,4,92,2,7.46
1001,20251224,1,116,1,7.54
1002,20251224,2,87,1,7.74
1003,20251224,3,97,1,7.57
1004,20251224,4,89,3,7.44
1005,20251226,1,116,2,7.7
1006,20251226,2,83,1,7.74
1007,20251226,3,91,2,7.47
1008,20251226,4,92,2,7.31
1009,20251229,1,111,3,7.71
1010,20251229,2,87,1,7.55
1011,20251229,3,95,3,7.57
1012,20251229,4,98,3,7.65
1013,20251230,1,114,3,7.26
1014,20251230,2,84,1,7.57
1015,20251230,3,96,2,7.35
1016,20251230,4,90,2,7.45
1017,20251231,1,110,5,7.65
1018,20251231,2,82,4,7.41
1019,20251231,3,88,4,7.35
1020,20251231,4,99,4,7.34
