LaborKey,DateKey,DepartmentKey,LaborHours,OvertimeHours,Headcount
1,20250102,1,116.9,0,8
2,20250102,2,93.2,0,6
3,20250102,3,75.9,0,5
4,20250102,4,96.7,0,10
5,20250102,5,38.2,0,4
6,20250102,6,32.2,0,4
7,20250103,1,103.8,0.5,8
8,20250103,2,87.4,0.3,6
9,20250103,3,74.7,1.5,5
10,20250103,4,100.1,1,10
11,20250103,5,38.4,0.7,4
12,20250103,6,29.8,0.7,4
13,20250106,1,106.1,1.5,8
14,20250106,2,90.4,1.2,6
15,20250106,3,69.1,0.6,5
16,20250106,4,98.6,2.2,10
17,20250106,5,41.8,1.7,4
18,20250106,6,33.5,1,4
19,20250107,1,105.3,0.8,8
20,20250107,2,88.4,0.7,6
21,20250107,3,71,0,5
22,20250107,4,98,0.9,10
23,20250107,5,39.9,0.6,4
24,20250107,6,32.4,1.8,4
25,20250108,1,107.1,1.4,8
26,20250108,2,90.3,0.1,6
27,20250108,3,70.4,1.1,5
28,20250108,4,99.6,2.4,10
29,20250108,5,37.4,1.4,4
30,20250108,6,31.1,1.6,4
31,20250109,1,113.8,0.1,8
32,20250109,2,93.4,1.1,6
33,20250109,3,70.5,1.4,5
34,20250109,4,97,0.1,10
35,20250109,5,39.5,1.5,4
36,20250109,6,30.1,0.4,4
37,20250110,1,105.9,0.3,8
38,20250110,2,86.1,1.1,6
39,20250110,3,74.8,1.6,5
40,20250110,4,100.4,0.7,10
41,20250110,5,41.1,1.1,4
42,20250110,6,31.3,1.8,4
43,20250113,1,112.6,1.5,8
44,20250113,2,83.3,1.2,6
45,20250113,3,72.7,2.3,5
46,20250113,4,91.2,0.4,10
47,20250113,5,41.8,2.4,4
48,20250113,6,33.2,0.3,4
49,20250114,1,104.7,1.1,8
50,20250114,2,83.6,2,6
51,20250114,3,73.9,0.6,5
52,20250114,4,92.4,0.2,10
53,20250114,5,41.8,2.5,4
54,20250114,6,31.6,1.1,4
55,20250115,1,109.4,0.1,8
56,20250115,2,91.5,1.1,6
57,20250115,3,76,0.1,5
58,20250115,4,98.6,0.2,10
59,20250115,5,41.3,0.7,4
60,20250115,6,30.9,2.1,4
61,20250116,1,108.2,2.2,8
62,20250116,2,89,0.7,6
63,20250116,3,76.3,2.4,5
64,20250116,4,98.2,1.6,10
65,20250116,5,42.8,0.9,4
66,20250116,6,30.7,1.9,4
67,20250117,1,109.6,1.1,8
68,20250117,2,92.1,1,6
69,20250117,3,72.4,2.2,5
70,20250117,4,92.8,1.5,10
71,20250117,5,38.1,1.3,4
72,20250117,6,30.7,1.2,4
73,20250120,1,117.5,1.4,8
74,20250120,2,90,0.4,6
75,20250120,3,75.1,1,5
76,20250120,4,94.1,2.2,10
77,20250120,5,42,1.7,4
78,20250120,6,31.1,1.5,4
79,20250121,1,105.6,2.3,8
80,20250121,2,85.5,0.8,6
81,20250121,3,69.9,2.2,5
82,20250121,4,99.9,0.7,10
83,20250121,5,40.9,0.9,4
84,20250121,6,30.1,0.1,4
85,20250122,1,115.9,1.8,8
86,20250122,2,89.8,1,6
87,20250122,3,69.4,0.1,5
88,20250122,4,93.7,1.9,10
89,20250122,5,39.6,0.4,4
90,20250122,6,30.1,1.4,4
91,20250123,1,116.2,2.3,8
92,20250123,2,85.7,0.2,6
93,20250123,3,71.8,2.1,5
94,20250123,4,101.1,1.5,10
95,20250123,5,40.6,0.8,4
96,20250123,6,33.2,2,4
97,20250124,1,108.4,1.3,8
98,20250124,2,83.6,0.6,6
99,20250124,3,73.3,2.5,5
100,20250124,4,91.5,1.7,10
101,20250124,5,42.2,1.5,4
102,20250124,6,31.6,1.5,4
103,20250127,1,113.5,1.2,8
104,20250127,2,87.4,0.4,6
105,20250127,3,76.7,0.3,5
106,20250127,4,93.7,1.9,10
107,20250127,5,42.3,2.5,4
108,20250127,6,31.2,2.2,4
109,20250128,1,110.4,1.4,8
110,20250128,2,84.6,2.3,6
111,20250128,3,75.4,0.8,5
112,20250128,4,100.9,1.9,10
113,20250128,5,41.3,1.3,4
114,20250128,6,32,0.9,4
115,20250129,1,109.2,1,8
116,20250129,2,90.9,0.8,6
117,20250129,3,74.3,1.1,5
118,20250129,4,93.9,1.5,10
119,20250129,5,39.6,2.2,4
120,20250129,6,33.9,1.6,4
121,20250130,1,109.2,2.1,8
122,20250130,2,90.5,2.4,6
123,20250130,3,73.4,0.8,5
124,20250130,4,96.7,0.8,10
125,20250130,5,40.1,1,4
126,20250130,6,32,0.4,4
127,20250131,1,114.1,2.3,8
128,20250131,2,90,1.3,6
129,20250131,3,76.2,0.4,5
130,20250131,4,100.1,0.1,10
131,20250131,5,41.9,0.7,4
132,20250131,6,32.4,1.2,4
133,20250203,1,110.5,1.1,8
134,20250203,2,85.4,0.8,6
135,20250203,3,76.6,0.7,5
136,20250203,4,92.2,2.2,10
137,20250203,5,38,1.8,4
138,20250203,6,29.8,2.1,4
139,20250204,1,104.2,0,8
140,20250204,2,93,0,6
141,20250204,3,68.4,0,5
142,20250204,4,92.4,0,10
143,20250204,5,41.5,0,4
144,20250204,6,33.5,0,4
145,20250205,1,108.2,0.7,8
146,20250205,2,85.4,1,6
147,20250205,3,68.1,1.6,5
148,20250205,4,91.2,1.3,10
149,20250205,5,40.6,1.7,4
150,20250205,6,31.2,1.5,4
151,20250206,1,105.9,0.9,8
152,20250206,2,89.4,0,6
153,20250206,3,77,0.7,5
154,20250206,4,101,1.4,10
155,20250206,5,37.9,0.7,4
156,20250206,6,30.3,0.2,4
157,20250207,1,104.4,0,8
158,20250207,2,86.7,0,6
159,20250207,3,69.1,0,5
160,20250207,4,100,0,10
161,20250207,5,40.4,0,4
162,20250207,6,30.7,0,4
163,20250210,1,106.8,1.8,8
164,20250210,2,93.7,1.4,6
165,20250210,3,68.8,0.3,5
166,20250210,4,100.6,1.8,10
167,20250210,5,37.3,1.1,4
168,20250210,6,33.1,0.9,4
169,20250211,1,108.4,1.1,8
170,20250211,2,88.2,2.3,6
171,20250211,3,75.1,0.7,5
172,20250211,4,97.8,0.4,10
173,20250211,5,37.4,2.3,4
174,20250211,6,32.2,1.5,4
175,20250212,1,108.7,0,8
176,20250212,2,85.6,0,6
177,20250212,3,70.8,0,5
178,20250212,4,96.5,0,10
179,20250212,5,39.8,0,4
180,20250212,6,32.3,0,4
181,20250213,1,102.7,1.7,8
182,20250213,2,86.8,0.7,6
183,20250213,3,75.6,1.5,5
184,20250213,4,101.8,2.2,10
185,20250213,5,37.3,1.5,4
186,20250213,6,31.6,2.3,4
187,20250214,1,112,1.1,8
188,20250214,2,87.7,0.2,6
189,20250214,3,74.7,0.4,5
190,20250214,4,102.6,2.4,10
191,20250214,5,39.7,1.2,4
192,20250214,6,30.6,0.7,4
193,20250217,1,105.7,2.1,8
194,20250217,2,82.6,1.6,6
195,20250217,3,68.7,0.5,5
196,20250217,4,95.6,1.9,10
197,20250217,5,42.2,0.8,4
198,20250217,6,32.3,2,4
199,20250218,1,109.9,0.7,8
200,20250218,2,86.8,0.5,6
201,20250218,3,67.7,1.3,5
202,20250218,4,100,2.4,10
203,20250218,5,39.7,0.5,4
204,20250218,6,30.4,2.4,4
205,20250219,1,105.3,0.3,8
206,20250219,2,83.3,2.2,6
207,20250219,3,73.4,2.4,5
208,20250219,4,96.7,0.3,10
209,20250219,5,40.5,2,4
210,20250219,6,34.1,0.3,4
211,20250220,1,109.8,0,8
212,20250220,2,89.9,0,6
213,20250220,3,71.6,0,5
214,20250220,4,99.1,0,10
215,20250220,5,41.4,0,4
216,20250220,6,34.2,0,4
217,20250221,1,116.5,2.2,8
218,20250221,2,86.9,1.9,6
219,20250221,3,74,0.7,5
220,20250221,4,95.2,0.6,10
221,20250221,5,40.7,2.3,4
222,20250221,6,29.8,2.2,4
223,20250224,1,103.6,1.9,8
224,20250224,2,86.1,0.4,6
225,20250224,3,73.9,2,5
226,20250224,4,100.7,0.8,10
227,20250224,5,37.3,1.4,4
228,20250224,6,31,0.8,4
229,20250225,1,103.2,0,8
230,20250225,2,91,0.5,6
231,20250225,3,77,1.8,5
232,20250225,4,96.1,1.8,10
233,20250225,5,37.8,0.9,4
234,20250225,6,32.3,1.7,4
235,20250226,1,112.7,0,8
236,20250226,2,89.3,0,6
237,20250226,3,70.4,0,5
238,20250226,4,95.2,0,10
239,20250226,5,38.2,0,4
240,20250226,6,30.3,0,4
241,20250227,1,114.1,2.4,8
242,20250227,2,85,0.5,6
243,20250227,3,74,2,5
244,20250227,4,97.5,1.7,10
245,20250227,5,37.6,1.8,4
246,20250227,6,32.2,2.3,4
247,20250228,1,113.6,0.3,8
248,20250228,2,83.4,1.9,6
249,20250228,3,71.1,1.6,5
250,20250228,4,98.3,0.8,10
251,20250228,5,37.9,0.4,4
252,20250228,6,30.3,2,4
253,20250303,1,112.6,2.2,8
254,20250303,2,92.6,1.5,6
255,20250303,3,70.8,0.9,5
256,20250303,4,89.7,1.6,10
257,20250303,5,38.6,1.2,4
258,20250303,6,32.4,2.4,4
259,20250304,1,117.6,0.5,8
260,20250304,2,92.3,1.7,6
261,20250304,3,67.9,1.3,5
262,20250304,4,101.3,1.6,10
263,20250304,5,40.3,1.1,4
264,20250304,6,34.2,2.4,4
265,20250305,1,116.8,2.4,8
266,20250305,2,90.4,1.9,6
267,20250305,3,74.7,0.7,5
268,20250305,4,92.9,0.8,10
269,20250305,5,42,1.1,4
270,20250305,6,33.6,1.8,4
271,20250306,1,109.6,1.7,8
272,20250306,2,93.3,0.7,6
273,20250306,3,67.6,1.8,5
274,20250306,4,98.1,0.5,10
275,20250306,5,39.6,2.1,4
276,20250306,6,31.8,0.6,4
277,20250307,1,104.4,0.2,8
278,20250307,2,92.4,1.8,6
279,20250307,3,71.4,1.1,5
280,20250307,4,97.3,1.7,10
281,20250307,5,39.9,1.6,4
282,20250307,6,31.7,2.3,4
283,20250310,1,112.2,0.7,8
284,20250310,2,87.6,1.1,6
285,20250310,3,75.3,2.2,5
286,20250310,4,99.9,2.4,10
287,20250310,5,40.8,2.3,4
288,20250310,6,33.5,0.4,4
289,20250311,1,114,0.1,8
290,20250311,2,91,1.7,6
291,20250311,3,72.3,0.8,5
292,20250311,4,99.2,1,10
293,20250311,5,41.6,1.9,4
294,20250311,6,33.4,0.9,4
295,20250312,1,115.7,0.6,8
296,20250312,2,90.2,1.5,6
297,20250312,3,75.4,1.2,5
298,20250312,4,102.6,1.1,10
299,20250312,5,41,1.3,4
300,20250312,6,30.3,0.3,4
301,20250313,1,108.5,1.7,8
302,20250313,2,83.5,1.8,6
303,20250313,3,69.3,1.8,5
304,20250313,4,90.5,0.5,10
305,20250313,5,37.6,0,4
306,20250313,6,33.4,0.5,4
307,20250314,1,109.5,1.8,8
308,20250314,2,84.5,0.6,6
309,20250314,3,67,2.5,5
310,20250314,4,94.2,1.3,10
311,20250314,5,39.2,0.9,4
312,20250314,6,30.9,2.4,4
313,20250317,1,111.2,1.3,8
314,20250317,2,92.5,1.7,6
315,20250317,3,75.3,0.6,5
316,20250317,4,92.8,0.1,10
317,20250317,5,37.4,1.9,4
318,20250317,6,34.2,1.9,4
319,20250318,1,104.5,0,8
320,20250318,2,82.7,0,6
321,20250318,3,74.4,0,5
322,20250318,4,97.8,0,10
323,20250318,5,41.1,0,4
324,20250318,6,34.2,0,4
325,20250319,1,105.3,0.6,8
326,20250319,2,87.8,0.6,6
327,20250319,3,74.8,1.7,5
328,20250319,4,98.9,0.6,10
329,20250319,5,39.3,2.3,4
330,20250319,6,34.2,0.3,4
331,20250320,1,104.6,0.8,8
332,20250320,2,88.2,0.8,6
333,20250320,3,75.6,1.2,5
334,20250320,4,90.7,2.3,10
335,20250320,5,41.1,0.6,4
336,20250320,6,31.4,1,4
337,20250321,1,102.9,0.6,8
338,20250321,2,88.7,1.7,6
339,20250321,3,71.1,2,5
340,20250321,4,95.3,1.9,10
341,20250321,5,40.1,0.4,4
342,20250321,6,31.2,0.1,4
343,20250324,1,110,1.1,8
344,20250324,2,86.2,2,6
345,20250324,3,73.4,1.8,5
346,20250324,4,98.1,2.5,10
347,20250324,5,38.6,2,4
348,20250324,6,33.2,0.3,4
349,20250325,1,103.6,0.4,8
350,20250325,2,83.3,1.3,6
351,20250325,3,69.6,1.1,5
352,20250325,4,92,0.7,10
353,20250325,5,37.4,1.4,4
354,20250325,6,30.6,2.5,4
355,20250326,1,102.7,0.8,8
356,20250326,2,93.9,2.1,6
357,20250326,3,73.8,1.6,5
358,20250326,4,90.7,2.2,10
359,20250326,5,40.8,0.4,4
360,20250326,6,29.9,1.3,4
361,20250327,1,108,0.8,8
362,20250327,2,90.3,0.9,6
363,20250327,3,68.2,1.7,5
364,20250327,4,101.7,2.1,10
365,20250327,5,41.1,2.4,4
366,20250327,6,32.7,0.6,4
367,20250328,1,114.7,0.2,8
368,20250328,2,91.4,1.1,6
369,20250328,3,71.7,0.6,5
370,20250328,4,95.2,1.4,10
371,20250328,5,42.2,1.8,4
372,20250328,6,32.9,0.8,4
373,20250331,1,113.8,0.4,8
374,20250331,2,83,1.8,6
375,20250331,3,67.2,0.8,5
376,20250331,4,92.6,1.7,10
377,20250331,5,39.4,1.3,4
378,20250331,6,34.1,1.1,4
379,20250401,1,102.7,0.4,8
380,20250401,2,87.4,0.1,6
381,20250401,3,69.5,2.4,5
382,20250401,4,98.8,2.4,10
383,20250401,5,38.4,1.5,4
384,20250401,6,30.6,1.2,4
385,20250402,1,106.8,1.8,8
386,20250402,2,89.9,1.9,6
387,20250402,3,67.5,0.4,5
388,20250402,4,101.8,0.9,10
389,20250402,5,42.3,1.8,4
390,20250402,6,33.2,0.8,4
391,20250403,1,111.8,1.2,8
392,20250403,2,84.4,1.7,6
393,20250403,3,73.4,1.9,5
394,20250403,4,102.2,2,10
395,20250403,5,41.2,1.3,4
396,20250403,6,33.5,2.3,4
397,20250404,1,117.2,0.9,8
398,20250404,2,84,0.5,6
399,20250404,3,73.2,0.7,5
400,20250404,4,93.4,2,10
401,20250404,5,39.9,0.3,4
402,20250404,6,33.5,0.5,4
403,20250407,1,116.5,1.6,8
404,20250407,2,86.7,1,6
405,20250407,3,74.8,1.7,5
406,20250407,4,94.7,0.9,10
407,20250407,5,40.7,0.4,4
408,20250407,6,33,1.9,4
409,20250408,1,108.7,1,8
410,20250408,2,88.1,0.1,6
411,20250408,3,70.8,1.5,5
412,20250408,4,102.2,0.9,10
413,20250408,5,38,0,4
414,20250408,6,29.9,1.3,4
415,20250409,1,112.8,1.9,8
416,20250409,2,90,1.2,6
417,20250409,3,76.7,1.7,5
418,20250409,4,98,1.3,10
419,20250409,5,37.6,0.8,4
420,20250409,6,31,1.3,4
421,20250410,1,112.7,1.7,8
422,20250410,2,82.3,0.1,6
423,20250410,3,68.2,0.4,5
424,20250410,4,90.4,1.2,10
425,20250410,5,38.7,2.5,4
426,20250410,6,30.2,1,4
427,20250411,1,106.9,0,8
428,20250411,2,89.7,0,6
429,20250411,3,67.1,0,5
430,20250411,4,98.9,0,10
431,20250411,5,38.1,0,4
432,20250411,6,32.6,0,4
433,20250414,1,104.7,1.6,8
434,20250414,2,92.7,1.2,6
435,20250414,3,69,2.1,5
436,20250414,4,95.1,0.7,10
437,20250414,5,41.5,1.2,4
438,20250414,6,30.8,2,4
439,20250415,1,106.3,0.8,8
440,20250415,2,93.1,0.3,6
441,20250415,3,72.6,0.5,5
442,20250415,4,100,0.5,10
443,20250415,5,41.3,0.6,4
444,20250415,6,33.9,2.5,4
445,20250416,1,104,1.5,8
446,20250416,2,90.5,1.6,6
447,20250416,3,70.9,2.4,5
448,20250416,4,96.7,0.6,10
449,20250416,5,41.7,1.6,4
450,20250416,6,32.5,0.9,4
451,20250417,1,105.2,2,8
452,20250417,2,83.2,0.7,6
453,20250417,3,70.5,2.3,5
454,20250417,4,100,0,10
455,20250417,5,38.3,0.1,4
456,20250417,6,32.5,1.8,4
457,20250418,1,117.4,0.2,8
458,20250418,2,92.4,0.8,6
459,20250418,3,71.6,2.1,5
460,20250418,4,90.4,1.9,10
461,20250418,5,39.6,2.1,4
462,20250418,6,30.2,0.5,4
463,20250421,1,106.5,2.5,8
464,20250421,2,90.6,1.6,6
465,20250421,3,71.3,2.2,5
466,20250421,4,90.8,0.4,10
467,20250421,5,39.5,2.2,4
468,20250421,6,30.2,2,4
469,20250422,1,115.5,0.9,8
470,20250422,2,90.7,2.3,6
471,20250422,3,68.1,1.7,5
472,20250422,4,100.4,0.7,10
473,20250422,5,38.1,0.8,4
474,20250422,6,32.4,1.7,4
475,20250423,1,109.8,1.7,8
476,20250423,2,92.4,1.8,6
477,20250423,3,67.3,0.4,5
478,20250423,4,101.4,2,10
479,20250423,5,37.8,1.7,4
480,20250423,6,32.8,0.5,4
481,20250424,1,117.3,1.5,8
482,20250424,2,87.4,0.4,6
483,20250424,3,73.5,0.8,5
484,20250424,4,100.3,1.1,10
485,20250424,5,41.1,1.8,4
486,20250424,6,33.3,1.6,4
487,20250425,1,111.1,1.2,8
488,20250425,2,86.5,0.2,6
489,20250425,3,68.7,0.5,5
490,20250425,4,90.6,1,10
491,20250425,5,39.1,1.7,4
492,20250425,6,31.6,2.5,4
493,20250428,1,114.5,0.7,8
494,20250428,2,84.8,1,6
495,20250428,3,71.9,0.2,5
496,20250428,4,92.1,1.7,10
497,20250428,5,39.4,0.7,4
498,20250428,6,30.9,1.9,4
499,20250429,1,115.1,2.4,8
500,20250429,2,88.1,2,6
501,20250429,3,67.2,1.4,5
502,20250429,4,97,1.3,10
503,20250429,5,39.9,1.2,4
504,20250429,6,32.5,0.6,4
505,20250430,1,109.8,0.1,8
506,20250430,2,83.4,1.6,6
507,20250430,3,72.7,0.9,5
508,20250430,4,89.9,1.5,10
509,20250430,5,37.9,2,4
510,20250430,6,32,0.7,4
511,20250501,1,110.8,2.2,8
512,20250501,2,82.5,0.2,6
513,20250501,3,68.2,1.9,5
514,20250501,4,94,1.9,10
515,20250501,5,40.8,0,4
516,20250501,6,29.8,1.5,4
517,20250502,1,106.6,0,8
518,20250502,2,86.6,0,6
519,20250502,3,68.4,0,5
520,20250502,4,100.3,0,10
521,20250502,5,39.5,0,4
522,20250502,6,32.7,0,4
523,20250505,1,102.7,2.1,8
524,20250505,2,85,2.3,6
525,20250505,3,74.5,0.6,5
526,20250505,4,98,1.5,10
527,20250505,5,37.4,2.4,4
528,20250505,6,33.3,0.9,4
529,20250506,1,109.4,1.9,8
530,20250506,2,83.5,1.2,6
531,20250506,3,75,1.2,5
532,20250506,4,92.2,1.2,10
533,20250506,5,39.9,1.4,4
534,20250506,6,32.7,2.4,4
535,20250507,1,109.9,1.1,8
536,20250507,2,84.4,0.3,6
537,20250507,3,72.7,1.6,5
538,20250507,4,96,0.9,10
539,20250507,5,37.6,1.4,4
540,20250507,6,33.7,0.3,4
541,20250508,1,108.2,0,8
542,20250508,2,83.5,0,6
543,20250508,3,77,0,5
544,20250508,4,101.7,0,10
545,20250508,5,40.9,0,4
546,20250508,6,31.4,0,4
547,20250509,1,105.1,1.3,8
548,20250509,2,83.2,2.2,6
549,20250509,3,71.5,0.9,5
550,20250509,4,90.7,0.4,10
551,20250509,5,42.3,1.5,4
552,20250509,6,33.3,2,4
553,20250512,1,110,2.1,8
554,20250512,2,83.8,0.6,6
555,20250512,3,68.4,0,5
556,20250512,4,93.6,1.5,10
557,20250512,5,38.7,1.1,4
558,20250512,6,33.5,2.3,4
559,20250513,1,104.5,2.4,8
560,20250513,2,92.8,2.2,6
561,20250513,3,68.7,1.7,5
562,20250513,4,91.2,1.9,10
563,20250513,5,37.4,1.2,4
564,20250513,6,31.6,1.2,4
565,20250514,1,111.3,0,8
566,20250514,2,82.9,0,6
567,20250514,3,76,0,5
568,20250514,4,89.5,0,10
569,20250514,5,39.2,0,4
570,20250514,6,34.1,0,4
571,20250515,1,111.1,0.5,8
572,20250515,2,90.1,2.1,6
573,20250515,3,71.6,0.2,5
574,20250515,4,98.5,1.1,10
575,20250515,5,38.1,2.1,4
576,20250515,6,30.4,0.1,4
577,20250516,1,109,0,8
578,20250516,2,90.6,0,6
579,20250516,3,73.1,0,5
580,20250516,4,92.4,0,10
581,20250516,5,42,0,4
582,20250516,6,32.8,0,4
583,20250519,1,114.4,1.4,8
584,20250519,2,87.8,0.6,6
585,20250519,3,71.8,1.7,5
586,20250519,4,97.7,1.2,10
587,20250519,5,37.3,1.6,4
588,20250519,6,31.4,0.2,4
589,20250520,1,105.6,1.3,8
590,20250520,2,92.7,0.6,6
591,20250520,3,67.9,1.6,5
592,20250520,4,91.9,0.5,10
593,20250520,5,42.1,0.1,4
594,20250520,6,33.7,1,4
595,20250521,1,104.6,0.4,8
596,20250521,2,93.5,2.2,6
597,20250521,3,72.8,2.4,5
598,20250521,4,100,1.6,10
599,20250521,5,38.5,1.5,4
600,20250521,6,33.5,1.3,4
601,20250522,1,105.7,2.2,8
602,20250522,2,89.5,2.3,6
603,20250522,3,71.3,1.4,5
604,20250522,4,93.1,0.3,10
605,20250522,5,38.6,2.3,4
606,20250522,6,32,0.3,4
607,20250523,1,104.5,1.4,8
608,20250523,2,82.4,2.3,6
609,20250523,3,70.3,0.9,5
610,20250523,4,95.5,0.6,10
611,20250523,5,38,1.2,4
612,20250523,6,33.8,0.8,4
613,20250527,1,105.2,2,8
614,20250527,2,83.1,1.2,6
615,20250527,3,74.9,0.5,5
616,20250527,4,96.5,2,10
617,20250527,5,40.8,1.7,4
618,20250527,6,30.4,0.7,4
619,20250528,1,109,0,8
620,20250528,2,93.4,0,6
621,20250528,3,73.1,0,5
622,20250528,4,91,0,10
623,20250528,5,42.1,0,4
624,20250528,6,31.2,0,4
625,20250529,1,111.2,1.9,8
626,20250529,2,82.4,1.5,6
627,20250529,3,69.5,2.3,5
628,20250529,4,89.9,0.1,10
629,20250529,5,42.2,2.5,4
630,20250529,6,32.8,2.4,4
631,20250530,1,105.8,2.2,8
632,20250530,2,86.3,0.9,6
633,20250530,3,74.5,2,5
634,20250530,4,99.1,1.6,10
635,20250530,5,38.1,1.1,4
636,20250530,6,30.9,1.4,4
637,20250602,1,114.7,1.3,8
638,20250602,2,85.3,2.1,6
639,20250602,3,73.8,1.7,5
640,20250602,4,102.5,1.3,10
641,20250602,5,38.2,0.2,4
642,20250602,6,34.2,1.3,4
643,20250603,1,106.6,0,8
644,20250603,2,87.6,0,6
645,20250603,3,70,0,5
646,20250603,4,91,0,10
647,20250603,5,38.6,0,4
648,20250603,6,33.1,0,4
649,20250604,1,107.5,0.7,8
650,20250604,2,81.9,2.5,6
651,20250604,3,71.7,2.4,5
652,20250604,4,99.3,2,10
653,20250604,5,40.4,2.4,4
654,20250604,6,32,2.5,4
655,20250605,1,117.6,1.9,8
656,20250605,2,88.5,2.5,6
657,20250605,3,70.1,0.3,5
658,20250605,4,100.1,0.3,10
659,20250605,5,37.9,2.1,4
660,20250605,6,34.2,0.3,4
661,20250606,1,112.4,2.4,8
662,20250606,2,85.8,0.6,6
663,20250606,3,74.4,2.1,5
664,20250606,4,91.5,1.4,10
665,20250606,5,41.2,0.2,4
666,20250606,6,34.1,0.6,4
667,20250609,1,114.5,1.7,8
668,20250609,2,92.7,2.1,6
669,20250609,3,68.4,0.3,5
670,20250609,4,99,2.3,10
671,20250609,5,42.4,0.9,4
672,20250609,6,32.6,1.9,4
673,20250610,1,112.4,0,8
674,20250610,2,87.4,0,6
675,20250610,3,70.5,0,5
676,20250610,4,92.4,0,10
677,20250610,5,40.1,0,4
678,20250610,6,32.2,0,4
679,20250611,1,103.9,1.8,8
680,20250611,2,83.4,1.4,6
681,20250611,3,67.3,0.2,5
682,20250611,4,97.4,1.1,10
683,20250611,5,41,2.1,4
684,20250611,6,32.3,1.3,4
685,20250612,1,109.9,1.9,8
686,20250612,2,83.7,1.1,6
687,20250612,3,71.3,0.1,5
688,20250612,4,100.6,1,10
689,20250612,5,40.8,0.7,4
690,20250612,6,33.4,2.4,4
691,20250613,1,116.2,1.5,8
692,20250613,2,87.9,1,6
693,20250613,3,74.8,1,5
694,20250613,4,97.9,0.2,10
695,20250613,5,37.7,2.4,4
696,20250613,6,32.6,2.1,4
697,20250616,1,109.2,0.4,8
698,20250616,2,94.1,0.2,6
699,20250616,3,67.4,1.5,5
700,20250616,4,97.6,1.7,10
701,20250616,5,41.8,1.9,4
702,20250616,6,32.1,2.1,4
703,20250617,1,115.3,1.9,8
704,20250617,2,84.1,2.5,6
705,20250617,3,70.9,1.3,5
706,20250617,4,91.1,0.6,10
707,20250617,5,38.9,0.3,4
708,20250617,6,32,1.6,4
709,20250618,1,115.5,0.1,8
710,20250618,2,85.4,2.1,6
711,20250618,3,73.5,1.2,5
712,20250618,4,89.5,0.9,10
713,20250618,5,39,0.2,4
714,20250618,6,30.6,1,4
715,20250619,1,104,0.9,8
716,20250619,2,85,0.3,6
717,20250619,3,72.9,1.8,5
718,20250619,4,97,1.6,10
719,20250619,5,37.5,2.3,4
720,20250619,6,29.9,0.5,4
721,20250620,1,106.6,0,8
722,20250620,2,93.6,1.4,6
723,20250620,3,75.2,0.9,5
724,20250620,4,98,2.3,10
725,20250620,5,38.7,1.8,4
726,20250620,6,30,1.2,4
727,20250623,1,106.3,1.6,8
728,20250623,2,82.1,2.2,6
729,20250623,3,75.6,1.5,5
730,20250623,4,97.7,1.5,10
731,20250623,5,37.5,1.5,4
732,20250623,6,32.8,1.6,4
733,20250624,1,109,2.2,8
734,20250624,2,84.8,1.4,6
735,20250624,3,75.5,0.2,5
736,20250624,4,92.9,0.9,10
737,20250624,5,39.6,1.4,4
738,20250624,6,30.7,2.4,4
739,20250625,1,102.5,0.2,8
740,20250625,2,82.4,0.1,6
741,20250625,3,70.4,0.2,5
742,20250625,4,101.5,0.4,10
743,20250625,5,37.3,1.7,4
744,20250625,6,30.4,1.2,4
745,20250626,1,114.5,2.3,8
746,20250626,2,85.7,1.1,6
747,20250626,3,70.6,0.8,5
748,20250626,4,91.3,0,10
749,20250626,5,38,1.6,4
750,20250626,6,32.8,1.8,4
751,20250627,1,107.1,2,8
752,20250627,2,90.3,1.7,6
753,20250627,3,70.1,2.1,5
754,20250627,4,98.4,0.5,10
755,20250627,5,42.3,2,4
756,20250627,6,33.1,0.8,4
757,20250630,1,117,2.1,8
758,20250630,2,85.4,0.7,6
759,20250630,3,67.4,1.7,5
760,20250630,4,95,2.4,10
761,20250630,5,41.3,0,4
762,20250630,6,30.6,0.9,4
763,20250701,1,117.6,0.2,8
764,20250701,2,83.2,0.8,6
765,20250701,3,73.4,0.9,5
766,20250701,4,90,1.1,10
767,20250701,5,42.1,1.8,4
768,20250701,6,32.5,2.4,4
769,20250702,1,113.4,1.6,8
770,20250702,2,90.2,0.3,6
771,20250702,3,68.1,2.1,5
772,20250702,4,101.5,1.8,10
773,20250702,5,39.8,1.2,4
774,20250702,6,32.8,2.3,4
775,20250703,1,113.1,0.4,8
776,20250703,2,89.1,1.5,6
777,20250703,3,69.8,2.1,5
778,20250703,4,100.5,0.1,10
779,20250703,5,40.1,1.2,4
780,20250703,6,29.9,1.1,4
781,20250707,1,109.1,0.7,8
782,20250707,2,86.5,2.4,6
783,20250707,3,73.3,1.1,5
784,20250707,4,100.6,1.7,10
785,20250707,5,39.6,2.4,4
786,20250707,6,33.2,0.2,4
787,20250708,1,106.4,2.1,8
788,20250708,2,92.9,0.5,6
789,20250708,3,72.2,1.3,5
790,20250708,4,100.2,1.3,10
791,20250708,5,39.8,2.2,4
792,20250708,6,30.6,2.3,4
793,20250709,1,109.3,0,8
794,20250709,2,93,0,6
795,20250709,3,72.6,0,5
796,20250709,4,92.9,0,10
797,20250709,5,38.8,0,4
798,20250709,6,33.7,0,4
799,20250710,1,113.3,1.9,8
800,20250710,2,86.6,1.3,6
801,20250710,3,71.9,1.2,5
802,20250710,4,92.2,2,10
803,20250710,5,40.7,0.4,4
804,20250710,6,30.7,0.4,4
805,20250711,1,108.4,0.4,8
806,20250711,2,93.4,1.1,6
807,20250711,3,67.8,0.3,5
808,20250711,4,96.4,0.6,10
809,20250711,5,39,1.4,4
810,20250711,6,33.2,1.8,4
811,20250714,1,103.2,1.8,8
812,20250714,2,89,1.1,6
813,20250714,3,75.2,1.8,5
814,20250714,4,96.1,1.3,10
815,20250714,5,42.4,1.9,4
816,20250714,6,31.6,0.9,4
817,20250715,1,117.1,0.9,8
818,20250715,2,89.3,0.8,6
819,20250715,3,68.8,2.1,5
820,20250715,4,99.1,2.3,10
821,20250715,5,37.8,1.1,4
822,20250715,6,31.6,0.9,4
823,20250716,1,102.4,0.5,8
824,20250716,2,93.9,1.4,6
825,20250716,3,74.4,1.1,5
826,20250716,4,94.8,2.1,10
827,20250716,5,42.4,0.7,4
828,20250716,6,33.3,0.6,4
829,20250717,1,117.3,1,8
830,20250717,2,90.5,2.3,6
831,20250717,3,69.9,0.7,5
832,20250717,4,96.3,0.3,10
833,20250717,5,42.7,0.7,4
834,20250717,6,32.4,2.2,4
835,20250718,1,113.2,0.2,8
836,20250718,2,83,1.4,6
837,20250718,3,72.8,1.2,5
838,20250718,4,93.7,0.2,10
839,20250718,5,37.8,1.3,4
840,20250718,6,30,2.3,4
841,20250721,1,115.2,0.2,8
842,20250721,2,87.9,0.5,6
843,20250721,3,76.5,1.8,5
844,20250721,4,102.5,0.8,10
845,20250721,5,42.3,0.7,4
846,20250721,6,30,1.4,4
847,20250722,1,103.9,2.3,8
848,20250722,2,91.2,1.5,6
849,20250722,3,72.5,2.1,5
850,20250722,4,96.4,1.6,10
851,20250722,5,41.4,2.5,4
852,20250722,6,30.1,1.5,4
853,20250723,1,103.1,1.3,8
854,20250723,2,91.7,2.5,6
855,20250723,3,74.6,1.8,5
856,20250723,4,93.6,1.4,10
857,20250723,5,39.7,0,4
858,20250723,6,32.3,1.6,4
859,20250724,1,108.1,0,8
860,20250724,2,86.3,0,6
861,20250724,3,69.1,0,5
862,20250724,4,94.5,0,10
863,20250724,5,38.4,0,4
864,20250724,6,29.9,0,4
865,20250725,1,108,1.1,8
866,20250725,2,92.1,1.8,6
867,20250725,3,76.8,0.5,5
868,20250725,4,93,1.3,10
869,20250725,5,38.8,2.3,4
870,20250725,6,31.2,2.5,4
871,20250728,1,107.2,0.1,8
872,20250728,2,88.7,1.1,6
873,20250728,3,68.3,2.2,5
874,20250728,4,102.4,2.5,10
875,20250728,5,40.6,0.8,4
876,20250728,6,34.2,2.3,4
877,20250729,1,112.5,0.2,8
878,20250729,2,82.9,2.2,6
879,20250729,3,76.4,1.7,5
880,20250729,4,96.9,1,10
881,20250729,5,39.8,0,4
882,20250729,6,32.3,0.6,4
883,20250730,1,102.7,2.3,8
884,20250730,2,82.3,0.2,6
885,20250730,3,74.4,0.6,5
886,20250730,4,90.3,1.5,10
887,20250730,5,38.6,0.8,4
888,20250730,6,34.1,1.5,4
889,20250731,1,108.7,0.3,8
890,20250731,2,90.1,1.6,6
891,20250731,3,73.4,1,5
892,20250731,4,94.8,1.9,10
893,20250731,5,41.8,1.6,4
894,20250731,6,32.6,1.5,4
895,20250801,1,114.1,0,8
896,20250801,2,86.9,2.3,6
897,20250801,3,74.6,1.3,5
898,20250801,4,91.8,1.8,10
899,20250801,5,41.5,1,4
900,20250801,6,33.6,2.2,4
901,20250804,1,110.8,1.7,8
902,20250804,2,92.8,1.1,6
903,20250804,3,72.2,1.5,5
904,20250804,4,95.8,1.1,10
905,20250804,5,40.9,1.9,4
906,20250804,6,33.7,1.3,4
907,20250805,1,110.6,0.3,8
908,20250805,2,91.9,1.5,6
909,20250805,3,72.8,1,5
910,20250805,4,100.5,1.1,10
911,20250805,5,39.9,2.2,4
912,20250805,6,30.1,0.2,4
913,20250806,1,115.1,1.6,8
914,20250806,2,90,1.4,6
915,20250806,3,72.7,2.4,5
916,20250806,4,93.3,1.1,10
917,20250806,5,39.1,1.8,4
918,20250806,6,31.2,1.6,4
919,20250807,1,104.1,1.4,8
920,20250807,2,93.6,2.4,6
921,20250807,3,70.4,0,5
922,20250807,4,95.6,0.1,10
923,20250807,5,42.2,0.5,4
924,20250807,6,31.8,0.1,4
925,20250808,1,112.8,2.2,8
926,20250808,2,88.8,1,6
927,20250808,3,73.2,2.2,5
928,20250808,4,102.3,1.9,10
929,20250808,5,39,2.3,4
930,20250808,6,30.5,0.4,4
931,20250811,1,104.6,0.3,8
932,20250811,2,82,1.3,6
933,20250811,3,71.2,2.2,5
934,20250811,4,101.8,0.9,10
935,20250811,5,38.7,2.1,4
936,20250811,6,33.1,0.9,4
937,20250812,1,103.6,0.7,8
938,20250812,2,87.1,1.5,6
939,20250812,3,75.1,0.1,5
940,20250812,4,98.5,1,10
941,20250812,5,41.9,0.4,4
942,20250812,6,30.5,2.4,4
943,20250813,1,109.7,1,8
944,20250813,2,88,0.7,6
945,20250813,3,72.3,0.6,5
946,20250813,4,99.1,1.8,10
947,20250813,5,39.5,2.5,4
948,20250813,6,31.6,2.3,4
949,20250814,1,115.3,0,8
950,20250814,2,82.5,0,6
951,20250814,3,69,0,5
952,20250814,4,92.5,0,10
953,20250814,5,42,0,4
954,20250814,6,30.1,0,4
955,20250815,1,111.1,1.7,8
956,20250815,2,83.4,1.4,6
957,20250815,3,75.4,0,5
958,20250815,4,92.2,1.1,10
959,20250815,5,42.8,0.1,4
960,20250815,6,33.5,1.4,4
961,20250818,1,103.8,1.2,8
962,20250818,2,93.4,0.5,6
963,20250818,3,67.1,2,5
964,20250818,4,94.1,0.3,10
965,20250818,5,39.1,0.6,4
966,20250818,6,34,2.2,4
967,20250819,1,112.2,0,8
968,20250819,2,84.4,0.5,6
969,20250819,3,69.6,0.1,5
970,20250819,4,95.7,0.8,10
971,20250819,5,41.5,0.8,4
972,20250819,6,31.3,1.8,4
973,20250820,1,102.5,1.3,8
974,20250820,2,84.1,1.4,6
975,20250820,3,67.4,2.1,5
976,20250820,4,97.6,2.1,10
977,20250820,5,42.8,0.5,4
978,20250820,6,31.4,1.8,4
979,20250821,1,105.8,0.8,8
980,20250821,2,83.6,0.4,6
981,20250821,3,74.9,1.4,5
982,20250821,4,92.7,2,10
983,20250821,5,41.6,0.8,4
984,20250821,6,32.3,2.2,4
985,20250822,1,116.5,0,8
986,20250822,2,83.8,0,6
987,20250822,3,67.1,0,5
988,20250822,4,94.1,0,10
989,20250822,5,39.9,0,4
990,20250822,6,33.5,0,4
991,20250825,1,115.8,1.9,8
992,20250825,2,82.3,0.7,6
993,20250825,3,73.8,0.3,5
994,20250825,4,94.5,2.1,10
995,20250825,5,40.6,1,4
996,20250825,6,31.9,1.2,4
997,20250826,1,113.4,0.3,8
998,20250826,2,93.8,1.1,6
999,20250826,3,73.3,0.7,5
1000,20250826,4,95.7,1,10
1001,20250826,5,41.9,2.5,4
1002,20250826,6,30.2,0.6,4
1003,20250827,1,111.5,1,8
1004,20250827,2,84,1.4,6
1005,20250827,3,70.8,1.7,5
1006,20250827,4,94.4,1.8,10
1007,20250827,5,39.1,2,4
1008,20250827,6,30.2,2.3,4
1009,20250828,1,107.9,0.1,8
1010,20250828,2,93.7,2.1,6
1011,20250828,3,68.7,2.4,5
1012,20250828,4,93.2,0.3,10
1013,20250828,5,39.5,0.3,4
1014,20250828,6,31.1,2.5,4
1015,20250829,1,108.8,0.7,8
1016,20250829,2,87.2,0.1,6
1017,20250829,3,74.3,0.4,5
1018,20250829,4,92.5,1.9,10
1019,20250829,5,41.4,0.4,4
1020,20250829,6,33.9,1.4,4
1021,20250902,1,107.1,2.2,8
1022,20250902,2,87.8,2.1,6
1023,20250902,3,70.7,0.9,5
1024,20250902,4,97.5,0.6,10
1025,20250902,5,41.3,1.2,4
1026,20250902,6,32.7,0.2,4
1027,20250903,1,113.8,1.9,8
1028,20250903,2,90.5,0.4,6
1029,20250903,3,68,2.1,5
1030,20250903,4,89.8,1.2,10
1031,20250903,5,42.5,0.7,4
1032,20250903,6,33.1,1.2,4
1033,20250904,1,115.1,1.8,8
1034,20250904,2,84.5,2.1,6
1035,20250904,3,67.4,1.7,5
1036,20250904,4,96.4,2.2,10
1037,20250904,5,39.8,0.7,4
1038,20250904,6,33.4,2.3,4
1039,20250905,1,113.7,1,8
1040,20250905,2,86.9,0,6
1041,20250905,3,76.1,0.9,5
1042,20250905,4,100.5,1.4,10
1043,20250905,5,42,2.4,4
1044,20250905,6,30.2,0.5,4
1045,20250908,1,115.1,0,8
1046,20250908,2,94,0,6
1047,20250908,3,70.2,0,5
1048,20250908,4,99.3,0,10
1049,20250908,5,39,0,4
1050,20250908,6,34.2,0,4
1051,20250909,1,108,2.3,8
1052,20250909,2,87.1,0.2,6
1053,20250909,3,71.1,0.1,5
1054,20250909,4,92.6,0,10
1055,20250909,5,40.7,1.8,4
1056,20250909,6,30.1,0.5,4
1057,20250910,1,110.4,0.8,8
1058,20250910,2,82.9,0.3,6
1059,20250910,3,68.1,2.1,5
1060,20250910,4,101.3,1.4,10
1061,20250910,5,38.3,1.1,4
1062,20250910,6,33.8,0.5,4
1063,20250911,1,106.9,2.4,8
1064,20250911,2,83.4,1.1,6
1065,20250911,3,70.7,2.4,5
1066,20250911,4,89.6,1.6,10
1067,20250911,5,37.9,1.6,4
1068,20250911,6,32.4,1.4,4
1069,20250912,1,108.4,0.9,8
1070,20250912,2,82.5,0.7,6
1071,20250912,3,73.6,1.5,5
1072,20250912,4,96.2,1.5,10
1073,20250912,5,38.9,0.1,4
1074,20250912,6,30.7,1.2,4
1075,20250915,1,109.7,1.4,8
1076,20250915,2,92.4,2.4,6
1077,20250915,3,67.3,0.3,5
1078,20250915,4,92,2.4,10
1079,20250915,5,38.5,2.2,4
1080,20250915,6,32.6,1.3,4
1081,20250916,1,102.8,1,8
1082,20250916,2,92.1,0.7,6
1083,20250916,3,67.7,1.2,5
1084,20250916,4,102.1,1.2,10
1085,20250916,5,42.4,1.8,4
1086,20250916,6,31.4,1,4
1087,20250917,1,116.7,2.4,8
1088,20250917,2,83.1,0.2,6
1089,20250917,3,75.7,2.1,5
1090,20250917,4,96.7,0.3,10
1091,20250917,5,41.1,1.1,4
1092,20250917,6,34,2.1,4
1093,20250918,1,107.2,0.7,8
1094,20250918,2,89.1,0.8,6
1095,20250918,3,74.1,1.4,5
1096,20250918,4,100.8,2.4,10
1097,20250918,5,39.2,0.2,4
1098,20250918,6,33.6,2,4
1099,20250919,1,104.3,1.2,8
1100,20250919,2,93.7,1.1,6
1101,20250919,3,70.4,1.4,5
1102,20250919,4,89.4,2.3,10
1103,20250919,5,39.2,0.1,4
1104,20250919,6,33.5,0.1,4
1105,20250922,1,108.3,0,8
1106,20250922,2,87.9,1.2,6
1107,20250922,3,75.5,0.2,5
1108,20250922,4,89.5,1.4,10
1109,20250922,5,42.4,0.2,4
1110,20250922,6,31.9,0.2,4
1111,20250923,1,102.7,2.2,8
1112,20250923,2,91.1,1.7,6
1113,20250923,3,74.4,0.4,5
1114,20250923,4,101.9,0.1,10
1115,20250923,5,38.4,2.3,4
1116,20250923,6,31.5,1.5,4
1117,20250924,1,103.2,0.2,8
1118,20250924,2,89.4,0.1,6
1119,20250924,3,73.8,0.2,5
1120,20250924,4,96.9,0,10
1121,20250924,5,42.7,1.9,4
1122,20250924,6,30.1,0.9,4
1123,20250925,1,109.7,1.9,8
1124,20250925,2,88.8,1.8,6
1125,20250925,3,75.6,1,5
1126,20250925,4,94.2,0.3,10
1127,20250925,5,42.1,2.2,4
1128,20250925,6,32.8,1.8,4
1129,20250926,1,112,1.7,8
1130,20250926,2,84.8,0.5,6
1131,20250926,3,75.7,1.4,5
1132,20250926,4,102.4,2.1,10
1133,20250926,5,41.4,1.9,4
1134,20250926,6,30.3,0.2,4
1135,20250929,1,106.8,0.4,8
1136,20250929,2,87.8,0.9,6
1137,20250929,3,67.5,1.3,5
1138,20250929,4,99.3,2.1,10
1139,20250929,5,38.4,0.9,4
1140,20250929,6,31.6,1.8,4
1141,20250930,1,109.6,0,8
1142,20250930,2,94,0,6
1143,20250930,3,77,0,5
1144,20250930,4,98.2,0,10
1145,20250930,5,37.7,0,4
1146,20250930,6,31,0,4
1147,20251001,1,111.5,0.6,8
1148,20251001,2,82.1,1.1,6
1149,20251001,3,73.7,0.9,5
1150,20251001,4,98,1.7,10
1151,20251001,5,42.3,1.5,4
1152,20251001,6,30.1,0.8,4
1153,20251002,1,106,0,8
1154,20251002,2,83.5,0,6
1155,20251002,3,68.7,0,5
1156,20251002,4,92.9,0,10
1157,20251002,5,37.4,0,4
1158,20251002,6,31.3,0,4
1159,20251003,1,110,0.1,8
1160,20251003,2,87.8,0.3,6
1161,20251003,3,69.3,0.1,5
1162,20251003,4,99.8,1.4,10
1163,20251003,5,37.6,0.8,4
1164,20251003,6,33.9,1.1,4
1165,20251006,1,116.1,1.3,8
1166,20251006,2,83.8,0.6,6
1167,20251006,3,69.2,0.5,5
1168,20251006,4,93.2,0.9,10
1169,20251006,5,39.5,2.3,4
1170,20251006,6,33.2,0.2,4
1171,20251007,1,106.7,0,8
1172,20251007,2,86.6,0,6
1173,20251007,3,74.7,0,5
1174,20251007,4,96.5,0,10
1175,20251007,5,42.5,0,4
1176,20251007,6,31,0,4
1177,20251008,1,112.5,0.8,8
1178,20251008,2,82.8,1.6,6
1179,20251008,3,76.9,1.1,5
1180,20251008,4,96.9,1.4,10
1181,20251008,5,40.7,2.3,4
1182,20251008,6,32.7,1.3,4
1183,20251009,1,107.3,2.1,8
1184,20251009,2,87,0.2,6
1185,20251009,3,76.1,1.4,5
1186,20251009,4,99.7,0.9,10
1187,20251009,5,41.1,0,4
1188,20251009,6,32,0.9,4
1189,20251010,1,114.3,1.3,8
1190,20251010,2,85.6,1.4,6
1191,20251010,3,76.3,2.3,5
1192,20251010,4,101,1.6,10
1193,20251010,5,40.4,2,4
1194,20251010,6,33.1,0.2,4
1195,20251013,1,112.3,1.3,8
1196,20251013,2,92.7,2.1,6
1197,20251013,3,72.1,1.2,5
1198,20251013,4,98.3,1.2,10
1199,20251013,5,38.7,0.3,4
1200,20251013,6,33.9,1.9,4
1201,20251014,1,117.1,1.9,8
1202,20251014,2,91.9,0.8,6
1203,20251014,3,72.4,1.4,5
1204,20251014,4,96.1,1.8,10
1205,20251014,5,40.3,1.2,4
1206,20251014,6,29.9,2.2,4
1207,20251015,1,115.2,1.9,8
1208,20251015,2,87.1,0.1,6
1209,20251015,3,68.4,1.9,5
1210,20251015,4,94.2,1.6,10
1211,20251015,5,38.2,1.8,4
1212,20251015,6,33.9,1,4
1213,20251016,1,104.8,0.4,8
1214,20251016,2,86.2,0.2,6
1215,20251016,3,70,2.2,5
1216,20251016,4,90.6,0.3,10
1217,20251016,5,39.7,2,4
1218,20251016,6,30.3,2.2,4
1219,20251017,1,112.7,0,8
1220,20251017,2,83.9,0,6
1221,20251017,3,68.8,0,5
1222,20251017,4,100.4,0,10
1223,20251017,5,39,0,4
1224,20251017,6,31,0,4
1225,20251020,1,106.5,2.5,8
1226,20251020,2,85.7,1.7,6
1227,20251020,3,68.8,0.4,5
1228,20251020,4,93.7,1.1,10
1229,20251020,5,37.7,1.7,4
1230,20251020,6,31.2,0,4
1231,20251021,1,116.8,2.3,8
1232,20251021,2,87,0.2,6
1233,20251021,3,75.6,2.3,5
1234,20251021,4,98.8,1.2,10
1235,20251021,5,38.3,1.2,4
1236,20251021,6,31.9,2.4,4
1237,20251022,1,112.7,0.5,8
1238,20251022,2,92.6,2.3,6
1239,20251022,3,69.3,2.1,5
1240,20251022,4,91.8,2.4,10
1241,20251022,5,39.8,1,4
1242,20251022,6,31.1,1.4,4
1243,20251023,1,106.6,0.4,8
1244,20251023,2,92.6,2.4,6
1245,20251023,3,72,1.3,5
1246,20251023,4,94.5,1.7,10
1247,20251023,5,39.2,0.6,4
1248,20251023,6,31.4,2.1,4
1249,20251024,1,117.2,2.2,8
1250,20251024,2,89.6,0.9,6
1251,20251024,3,75.2,2.1,5
1252,20251024,4,91.2,2.2,10
1253,20251024,5,38.1,0.5,4
1254,20251024,6,31.9,1.1,4
1255,20251027,1,112.5,1.6,8
1256,20251027,2,84.6,1.7,6
1257,20251027,3,72.1,0.2,5
1258,20251027,4,91,2.3,10
1259,20251027,5,39.7,1.6,4
1260,20251027,6,32.5,1.7,4
1261,20251028,1,113.3,2.2,8
1262,20251028,2,90.7,1.1,6
1263,20251028,3,68.7,0.9,5
1264,20251028,4,96.8,1.7,10
1265,20251028,5,38.3,1.6,4
1266,20251028,6,30.5,0.5,4
1267,20251029,1,105.1,0.1,8
1268,20251029,2,86.7,1.1,6
1269,20251029,3,68.9,1.6,5
1270,20251029,4,95.2,2,10
1271,20251029,5,38.7,1.3,4
1272,20251029,6,31.9,0.9,4
1273,20251030,1,117.4,2.5,8
1274,20251030,2,90.7,2.2,6
1275,20251030,3,76.4,0.4,5
1276,20251030,4,91.5,1.8,10
1277,20251030,5,40.8,0.7,4
1278,20251030,6,31.4,0.6,4
1279,20251031,1,115.9,2.4,8
1280,20251031,2,82.5,2,6
1281,20251031,3,76.5,0.2,5
1282,20251031,4,97.8,1.8,10
1283,20251031,5,39.4,1,4
1284,20251031,6,33.9,2.1,4
1285,20251103,1,106.1,0.3,8
1286,20251103,2,92.9,0,6
1287,20251103,3,68.3,1.7,5
1288,20251103,4,91.2,0.3,10
1289,20251103,5,39.1,0.5,4
1290,20251103,6,33.2,0.1,4
1291,20251104,1,104.6,0.8,8
1292,20251104,2,89.4,0.5,6
1293,20251104,3,70.2,1.1,5
1294,20251104,4,97.9,1.3,10
1295,20251104,5,37.8,0.6,4
1296,20251104,6,31.8,1.5,4
1297,20251105,1,113.6,0.7,8
1298,20251105,2,91.1,1.2,6
1299,20251105,3,68.7,0.4,5
1300,20251105,4,96.1,1.7,10
1301,20251105,5,40.6,0.6,4
1302,20251105,6,33.5,0.3,4
1303,20251106,1,104.3,1.1,8
1304,20251106,2,83.2,1.7,6
1305,20251106,3,76.8,2.1,5
1306,20251106,4,95.8,2.4,10
1307,20251106,5,37.9,2.3,4
1308,20251106,6,29.8,1.9,4
1309,20251107,1,102.5,0.7,8
1310,20251107,2,85.8,1.2,6
1311,20251107,3,76,1.3,5
1312,20251107,4,91.2,0.1,10
1313,20251107,5,39.8,1.6,4
1314,20251107,6,30.1,0.1,4
1315,20251110,1,113.5,1.8,8
1316,20251110,2,92.1,0.8,6
1317,20251110,3,75.6,0,5
1318,20251110,4,97.8,2,10
1319,20251110,5,38.9,1.5,4
1320,20251110,6,31.1,1.7,4
1321,20251111,1,117.5,0,8
1322,20251111,2,87.3,0,6
1323,20251111,3,71.2,0,5
1324,20251111,4,96.1,0,10
1325,20251111,5,42.4,0,4
1326,20251111,6,30.3,0,4
1327,20251112,1,116.2,1.1,8
1328,20251112,2,89.1,1.4,6
1329,20251112,3,75,2.3,5
1330,20251112,4,101.6,1.9,10
1331,20251112,5,41.4,1.2,4
1332,20251112,6,33.6,0.8,4
1333,20251113,1,107,1.8,8
1334,20251113,2,92,0.8,6
1335,20251113,3,73.2,0.4,5
1336,20251113,4,97,2,10
1337,20251113,5,37.4,0.8,4
1338,20251113,6,32.7,0.9,4
1339,20251114,1,106,1.2,8
1340,20251114,2,85.4,0.1,6
1341,20251114,3,74,1.6,5
1342,20251114,4,96.2,1.3,10
1343,20251114,5,40.9,2.5,4
1344,20251114,6,29.9,0.4,4
1345,20251117,1,114.4,1.5,8
1346,20251117,2,92.2,1.9,6
1347,20251117,3,74.1,0.7,5
1348,20251117,4,100.8,0.6,10
1349,20251117,5,39.7,2.4,4
1350,20251117,6,30,0.3,4
1351,20251118,1,108,1.4,8
1352,20251118,2,84.1,2.2,6
1353,20251118,3,67.5,1,5
1354,20251118,4,89.4,1.6,10
1355,20251118,5,41.9,0.7,4
1356,20251118,6,33.7,0.2,4
1357,20251119,1,116.6,2.2,8
1358,20251119,2,93.4,0.4,6
1359,20251119,3,67.1,2.3,5
1360,20251119,4,97.9,0.7,10
1361,20251119,5,39.3,1.8,4
1362,20251119,6,30.3,0.6,4
1363,20251120,1,113.3,0.1,8
1364,20251120,2,86.3,2.3,6
1365,20251120,3,75.9,1,5
1366,20251120,4,101.1,2.3,10
1367,20251120,5,42.1,1.5,4
1368,20251120,6,31.4,0.6,4
1369,20251121,1,114.2,0,8
1370,20251121,2,83.8,0,6
1371,20251121,3,76,0,5
1372,20251121,4,101.5,0,10
1373,20251121,5,39.1,0,4
1374,20251121,6,33.6,0,4
1375,20251124,1,103.3,0.1,8
1376,20251124,2,87.8,0.3,6
1377,20251124,3,75.5,2.5,5
1378,20251124,4,91.9,0.4,10
1379,20251124,5,38.3,1.7,4
1380,20251124,6,30.1,1.6,4
1381,20251125,1,109,0.9,8
1382,20251125,2,86.8,1.7,6
1383,20251125,3,67.1,1,5
1384,20251125,4,98.2,2.4,10
1385,20251125,5,39.9,0.6,4
1386,20251125,6,30.6,2.3,4
1387,20251126,1,109.5,2.2,8
1388,20251126,2,87,1.9,6
1389,20251126,3,71.4,2.3,5
1390,20251126,4,92,0.9,10
1391,20251126,5,37.6,0.4,4
1392,20251126,6,32.3,1.9,4
1393,20251128,1,106.8,0.9,8
1394,20251128,2,86.4,0,6
1395,20251128,3,73.8,1.3,5
1396,20251128,4,92.7,2,10
1397,20251128,5,38.5,2.4,4
1398,20251128,6,29.8,0.8,4
1399,20251201,1,108.4,0.6,8
1400,20251201,2,82.7,2.1,6
1401,20251201,3,69.7,2.2,5
1402,20251201,4,98.9,1.8,10
1403,20251201,5,39.5,2.1,4
1404,20251201,6,31,0.7,4
1405,20251202,1,102.6,0.7,8
1406,20251202,2,91.8,1.9,6
1407,20251202,3,69.8,1.9,5
1408,20251202,4,90.5,2.2,10
1409,20251202,5,38.5,2.3,4
1410,20251202,6,29.9,0.1,4
1411,20251203,1,115.8,2.4,8
1412,20251203,2,91.2,0.3,6
1413,20251203,3,71.2,1.3,5
1414,20251203,4,94.7,0.4,10
1415,20251203,5,41.9,2.1,4
1416,20251203,6,33.2,2.4,4
1417,20251204,1,117.7,1.8,8
1418,20251204,2,83.9,1.5,6
1419,20251204,3,68.8,2,5
1420,20251204,4,94.8,1.3,10
1421,20251204,5,37.4,1.1,4
1422,20251204,6,33.4,0.4,4
1423,20251205,1,110.8,2.2,8
1424,20251205,2,87.1,0.3,6
1425,20251205,3,74.7,2,5
1426,20251205,4,94.7,1.9,10
1427,20251205,5,42.1,1.7,4
1428,20251205,6,32.3,1.7,4
1429,20251208,1,102.4,0.6,8
1430,20251208,2,82.3,1.8,6
1431,20251208,3,77,0.8,5
1432,20251208,4,97.2,1.3,10
1433,20251208,5,38.9,1.3,4
1434,20251208,6,30.4,0.3,4
1435,20251209,1,107.3,2,8
1436,20251209,2,85.8,0.8,6
1437,20251209,3,71.4,1.6,5
1438,20251209,4,97,0.9,10
1439,20251209,5,41.6,1.8,4
1440,20251209,6,31.8,0.1,4
1441,20251210,1,111.2,1.7,8
1442,20251210,2,93.3,0.9,6
1443,20251210,3,73.5,2.1,5
1444,20251210,4,91.7,1,10
1445,20251210,5,39.2,2.3,4
1446,20251210,6,32.3,1.2,4
1447,20251211,1,116.9,0.3,8
1448,20251211,2,85.7,1.2,6
1449,20251211,3,75.5,1,5
1450,20251211,4,96.1,1.3,10
1451,20251211,5,38.6,1.7,4
1452,20251211,6,33.9,0.2,4
1453,20251212,1,109.8,1,8
1454,20251212,2,90.3,2.3,6
1455,20251212,3,71.1,2.2,5
1456,20251212,4,95,0.1,10
1457,20251212,5,37.4,1.4,4
1458,20251212,6,31.9,1.7,4
1459,20251215,1,111.6,1.8,8
1460,20251215,2,84.7,2.4,6
1461,20251215,3,75.4,1.9,5
1462,20251215,4,100.3,1.7,10
1463,20251215,5,38.7,2.4,4
1464,20251215,6,32.7,0.2,4
1465,20251216,1,102.8,1.1,8
1466,20251216,2,87.5,0.5,6
1467,20251216,3,73.3,1.5,5
1468,20251216,4,92.1,1,10
1469,20251216,5,39.6,1.2,4
1470,20251216,6,31.7,0.8,4
1471,20251217,1,110.9,0,8
1472,20251217,2,86.9,0.2,6
1473,20251217,3,68.7,1.2,5
1474,20251217,4,89.6,0.3,10
1475,20251217,5,40.7,0.3,4
1476,20251217,6,31.5,1.4,4
1477,20251218,1,110.7,0.7,8
1478,20251218,2,90.4,0.4,6
1479,20251218,3,71.1,0,5
1480,20251218,4,92.4,0.1,10
1481,20251218,5,39.7,2.2,4
1482,20251218,6,32.4,0.6,4
1483,20251219,1,103.8,1.2,8
1484,20251219,2,85.8,0.3,6
1485,20251219,3,69.7,1.5,5
1486,20251219,4,98.9,1.7,10
1487,20251219,5,41.6,2,4
1488,20251219,6,33.8,2.1,4
1489,20251222,1,114.4,0,8
1490,20251222,2,85.8,0,6
1491,20251222,3,73.4,0,5
1492,20251222,4,95.4,0,10
1493,20251222,5,37.5,0,4
1494,20251222,6,31.2,0,4
1495,20251223,1,106.3,1.9,8
1496,20251223,2,83.8,0.2,6
1497,20251223,3,68.7,0.2,5
1498,20251223,4,102.4,2.2,10
1499,20251223,5,37.6,0.8,4
1500,20251223,6,31,0.2,4
1501,20251224,1,106.1,1.3,8
1502,20251224,2,82.9,2.3,6
1503,20251224,3,74.9,0.6,5
1504,20251224,4,102.5,0.4,10
1505,20251224,5,37.7,2.2,4
1506,20251224,6,34,0.4,4
1507,20251226,1,104.7,0.8,8
1508,20251226,2,88.1,0.5,6
1509,20251226,3,71.3,1.2,5
1510,20251226,4,100.8,1.9,10
1511,20251226,5,37.8,2,4
1512,20251226,6,29.8,0.3,4
1513,20251229,1,105.2,2.1,8
1514,20251229,2,90.8,1.3,6
1515,20251229,3,74.7,0.4,5
1516,20251229,4,98.4,1,10
1517,20251229,5,39.8,1.7,4
1518,20251229,6,33.7,0.9,4
1519,20251230,1,115.8,0.2,8
1520,20251230,2,88.8,1.4,6
1521,20251230,3,67.8,0.6,5
1522,20251230,4,100.5,0.2,10
1523,20251230,5,41.6,0.3,4
1524,20251230,6,31.5,2,4
1525,20251231,1,116,0,8
1526,20251231,2,86.5,0,6
1527,20251231,3,74.3,0,5
1528,20251231,4,91.3,0,10
1529,20251231,5,39.4,0,4
1530,20251231,6,32.7,0,4
